,Date,Unix,Ticker,Industry,Price,stock_p_change,SP500,sp500_p_change,Difference,Market cap,Enterprise value,Trailing P/E,Forward P/E,PEG ratio (5-yr expected),Price/sales,Price/book,Enterprise value/revenue,Enterprise value/EBITDA,Profit margin,Operating margin,Return on assets,Return on equity,Revenue,Revenue per share,Quarterly revenue growth,Gross profit,EBITDA,Net income avi to common,Diluted EPS,Quarterly earnings growth,Total cash,Total cash per share,Total debt,Total debt/equity,Current ratio,Book value per share,Operating cash flow,Levered free cash flow,Beta (5Y monthly),52-week change,S&P500 52-week change,52-week high,52-week low,50-day moving average,200-day moving average,Avg vol (3-month),Avg vol (10-day),Shares outstanding,Float,% held by insiders,% held by institutions,Shares short,Short ratio,Short % of float,Short % of shares outstanding,Shares short (prior month ),Forward annual dividend rate,Forward annual dividend yield,Trailing annual dividend rate,Trailing annual dividend yield,5-year average dividend yield,Payout ratio,Dividend date,Ex-dividend date,Last split factor,Last split date,EPS Rank,RPS Rank,5 yr Sales,5 yr Price,Proj Sales,Proj Hi/Lo,Time Safe,STARS Fair Val,Price/cash flow,SMA MACD RSI,Status,Date rank,Unix rank,Ticker rank,Industry rank,Price rank,stock_p_change rank,SP500 rank,sp500_p_change rank,Difference rank,Market cap rank,Enterprise value rank,Trailing P/E rank,Forward P/E rank,PEG ratio (5-yr expected) rank,Price/sales rank,Price/book rank,Enterprise value/revenue rank,Enterprise value/EBITDA rank,Profit margin rank,Operating margin rank,Return on assets rank,Return on equity rank,Revenue rank,Revenue per share rank,Quarterly revenue growth rank,Gross profit rank,EBITDA rank,Net income avi to common rank,Diluted EPS rank,Quarterly earnings growth rank,Total cash rank,Total cash per share rank,Total debt rank,Total debt/equity rank,Current ratio rank,Book value per share rank,Operating cash flow rank,Levered free cash flow rank,Beta (5Y monthly) rank,52-week change rank,S&P500 52-week change rank,52-week high rank,52-week low rank,50-day moving average rank,200-day moving average rank,Avg vol (3-month) rank,Avg vol (10-day) rank,Shares outstanding rank,Float rank,% held by insiders rank,% held by institutions rank,Shares short rank,Short ratio rank,Short % of float rank,Short % of shares outstanding rank,Shares short (prior month ) rank,Forward annual dividend rate rank,Forward annual dividend yield rank,Trailing annual dividend rate rank,Trailing annual dividend yield rank,5-year average dividend yield rank,Payout ratio rank,Dividend date rank,Ex-dividend date rank,Last split factor rank,Last split date rank,EPS Rank rank,RPS Rank rank,5 yr Sales rank,5 yr Price rank,Proj Sales rank,Proj Hi/Lo rank,Time Safe rank,STARS Fair Val rank,Price/cash flow rank,SMA MACD RSI rank,Status rank
0,N/A,N/A,AAL,Other Industrial Metals &amp; Mining,N/A,N/A,N/A,N/A,N/A,18560000000.0,27880000000.0,4.93,0.62,0.62,0.62,68.24,0.93,3.15,11.87,21.06,7.26,14.97,29870000000.0,23.65,8.5,16010000000.000002,8850000000.0,3550000000.0,276.0,26.3,6360000000.0,5.12,10730000000.0,34.2,1.94,19.96,7660000000.0,826120000.0,1.27,28.55,N/A,294.0,18.2,348.1,870.22,5590000.0,1360000000.0,1360000000.0,1100000000.0,0.89,0.89,N/A,N/A,N/A,N/A,0.89,0.89,6.3,1.09,0.08,41.11,41.11,11.87,11.87,11.87,11.87,,,,,,,,,,,N/A,N/A,N/A,N/A,N/A,N/A,N/A,N/A,N/A,N/A,21,20,83,26,71,71,20,66,75,43,37,33,48,11,14,45,11,7,6,6,54,13,21,20,72,23,10,10,30,16,40,N/A,66,82,52,8,38,1,35,38,26,26,N/A,N/A,N/A,N/A,26,26,16,19,18,4,71,43,43,43,43,0,0,0,0,0,0,0,0,0,0,N/A
1,N/A,N/A,ABF,Packaged Foods,N/A,N/A,N/A,N/A,N/A,14500000000.0,17290000000.0,20.48,0.91,0.91,0.91,160.11,1.09,8.3,4.43,8.46,5.76,7.87,15940000000.0,20.19,1.5,3650000000.0,2080000000.0,89.4,89.4,44.2,1350000000.0,1.71,4099999999.9999995,44.99,1.76,11.44,1660000000.0,960500000.0,0.7,25.81,N/A,730.0,554.0,842.91,327.57,1520000.0,1370000.0,791670000.0,327950000.0,0.34,0.34,N/A,N/A,N/A,N/A,0.34,0.34,0.34,0.34,0.02,1.49,51.85,4.43,4.43,4.43,4.43,,,,,,,,,,,N/A,N/A,N/A,N/A,N/A,N/A,N/A,N/A,N/A,N/A,26,29,28,33,63,63,44,58,46,82,68,42,72,28,15,86,34,29,73,38,36,39,44,38,64,25,19,26,27,58,45,N/A,21,23,7,63,75,72,53,70,53,53,N/A,N/A,N/A,N/A,53,53,71,54,84,86,55,82,82,82,82,1,1,1,1,1,1,1,1,1,1,N/A
2,N/A,N/A,ADM,Insurance\xe2\x80\x94Property &amp; Casualty,N/A,N/A,N/A,N/A,N/A,6800000000.0,3940000000.0,15.64,5.0,5.0,5.0,732.51,2.9,7.12,31.79,39.81,4.7,50.71,1360000000.0,4.67,6.6,553500000.0,553500000.0,432400000.0,148.0,14.4,3400000000.0,11.8,667200000.0,72.63,1.8,3.16,236600000.0,100830000.0,0.29,6.93,N/A,402.0,858.5,213.94,192.68,993.68,790.51,294040000.0,246200000.0,0.98,0.98,N/A,N/A,N/A,N/A,0.98,0.98,4.21,0.98,0.04,3.42,61.76,31.79,31.79,31.79,31.79,,,,,,,,,,,N/A,N/A,N/A,N/A,N/A,N/A,N/A,N/A,N/A,N/A,49,87,40,77,19,19,87,36,53,8,10,47,9,79,63,55,82,58,35,26,65,22,16,71,43,24,66,67,76,85,84,N/A,52,5,71,79,81,81,76,77,22,22,N/A,N/A,N/A,N/A,22,22,26,23,39,43,39,8,8,8,8,2,2,2,2,2,2,2,2,2,2,N/A
3,N/A,N/A,AHT,Rental &amp; Leasing Services,N/A,N/A,N/A,N/A,N/A,9480000000.0,14950000000.0,11.99,1.88,1.88,1.88,328.56,2.97,6.41,16.21,26.18,8.96,28.73,5030000000.0,10.9,9.1,4340000000.0,2330000000.0,176.0,176.0,7.4,17900000.0,0.04,5460000000.0,188.65,1.46,6.42,864500000.0,1500000000.0,1.19,3.03,N/A,797.0,10.0,767.15,250.49,2430000.0,2080000.0,449310000.0,414850000.0,0.41,0.41,N/A,N/A,N/A,N/A,0.41,0.41,1.87,0.41,0.02,1.56,23.03,16.21,16.21,16.21,16.21,,,,,,,,,,,N/A,N/A,N/A,N/A,N/A,N/A,N/A,N/A,N/A,N/A,34,33,52,51,45,45,72,32,58,29,24,22,19,48,33,38,32,25,67,21,83,67,95,30,13,39,38,39,16,21,96,N/A,13,85,12,69,64,62,67,64,47,47,N/A,N/A,N/A,N/A,47,47,54,49,77,83,84,29,29,29,29,3,3,3,3,3,3,3,3,3,3,N/A
4,N/A,N/A,ANTO,Copper,N/A,N/A,N/A,N/A,N/A,7690000000.0,10270000000.0,15.32,1.55,1.55,1.55,104.09,2.07,4.71,10.1,27.26,5.89,8.95,4960000000.0,5.04,6.6,2180000000.0,2180000000.0,501400000.0,50.9,43.0,2190000000.0,2.22,2760000000.0,29.33,2.33,7.49,2089999999.9999998,881650000.0,0.7,7.49,N/A,993.8,575.0,747.2,845.22,2680000.0,2040000.0,985860000.0,340200000.0,0.28,0.28,N/A,N/A,N/A,N/A,0.28,0.28,3.28,0.34,0.04,92.77,92.77,10.1,10.1,10.1,10.1,,,,,,,,,,,N/A,N/A,N/A,N/A,N/A,N/A,N/A,N/A,N/A,N/A,42,40,42,45,51,51,31,43,66,51,21,41,67,50,58,56,46,27,33,55,37,28,38,48,76,15,33,23,29,55,80,N/A,0,22,13,12,61,63,45,68,58,58,N/A,N/A,N/A,N/A,58,58,35,55,41,1,18,51,51,51,51,4,4,4,4,4,4,4,4,4,4,N/A
5,N/A,N/A,AUTO,Internet Content &amp; Information,N/A,N/A,N/A,N/A,N/A,4430000000.0,4550000000.0,20.59,12.14,12.14,12.14,458.25,12.46,17.72,57.07,68.99,35.46,360.07,0.39,0.39,5.6,355100000.0,256700000.0,208300000.0,22.3,11.4,31100000.0,0.03,335900000.0,351.73,2.01,0.1,192500000.0,150700000.0,0.69,20.36,N/A,747.0,308.6,420.52,525.54,5700000.0,3960000.0,964920000.0,899570000.0,0.07,0.07,N/A,N/A,N/A,N/A,0.07,0.07,1.53,0.07,0.02,30.09,30.09,57.07,57.07,57.07,57.07,,,,,,,,,,,N/A,N/A,N/A,N/A,N/A,N/A,N/A,N/A,N/A,N/A,79,83,27,86,10,10,80,3,15,4,1,1,3,96,94,64,87,70,50,78,74,65,96,79,2,22,95,75,66,60,54,N/A,17,44,43,43,37,44,47,46,83,83,N/A,N/A,N/A,N/A,83,83,57,82,74,7,81,4,4,4,4,5,5,5,5,5,5,5,5,5,5,N/A
6,N/A,N/A,AV,Insurance\xe2\x80\x94Diversified,N/A,N/A,N/A,N/A,N/A,9320000000.0,6530000000.0,3.76,0.2,0.2,0.2,53.17,0.14,1.32,5.49,9.99,0.65,14.34,46400000000.0,11.86,99.1,13930000000.0,4950000000.0,2500000000.0,63.1,15.7,26620000000.0,6.79,9610000000.0,51.44,2.28,4.47,5970000000.0,793880000.0,1.17,43.27,N/A,439.4,3.87,247.85,365.86,19500000.0,23450000.0,3920000000.0,3910000000.0,0.09,0.09,N/A,N/A,N/A,N/A,0.09,0.09,0.09,0.09,0.04,5.44,47.94,5.49,5.49,5.49,5.49,,,,,,,,,,,N/A,N/A,N/A,N/A,N/A,N/A,N/A,N/A,N/A,N/A,35,63,85,5,91,91,14,95,85,70,61,85,53,6,29,10,13,11,11,50,62,5,18,22,60,17,52,11,31,23,22,N/A,50,93,65,59,14,12,14,15,77,77,N/A,N/A,N/A,N/A,77,77,81,77,44,20,65,70,70,70,70,6,6,6,6,6,6,6,6,6,6,N/A
7,N/A,N/A,AVV,Software\xe2\x80\x94Application,N/A,N/A,N/A,N/A,N/A,5690000000.0,5690000000.0,99.02,6.93,6.93,6.93,297.42,6.92,35.61,7.01,15.38,3.32,3.02,5.1,5.1,16.5,575300000.0,159700000.0,57600000.0,35.6,78600000.0,78600000.0,0.49,90300000.0,4.73,1.31,11.85,116600000.0,119030000.0,1.31,8.25,N/A,350.0,634.0,377.24,281.51,390.23,293.52,161510000.0,63230000.0,0.45,0.45,N/A,N/A,N/A,N/A,0.45,0.45,1.25,0.44,0.01,1.53,120.65,7.01,7.01,7.01,7.01,,,,,,,,,,,N/A,N/A,N/A,N/A,N/A,N/A,N/A,N/A,N/A,N/A,60,73,1,84,12,12,67,9,3,62,55,63,91,88,57,22,81,74,57,63,16,63,68,82,89,44,18,78,74,14,77,N/A,58,17,48,66,94,93,86,95,42,42,N/A,N/A,N/A,N/A,42,42,62,45,88,85,11,62,62,62,62,7,7,7,7,7,7,7,7,7,7,N/A
8,N/A,N/A,AZN,Drug Manufacturers\xe2\x80\x94General,N/A,N/A,N/A,N/A,N/A,107630000000.0,125860000000.0,70.89,4.26,4.26,4.26,998.42,4.99,20.67,6.03,13.48,3.6,11.66,25250000000.0,19.24,15.7,19540000000.0,6090000000.0,1520000000.0,115.7,31.5,4160000000.0,3.17,20980000000.0,171.72,0.75,8.22,3500000000.0,4240000000.0,0.22,44.96,N/A,635.0,643.0,374.03,407.27,3140000.0,2680000.0,1310000000.0,1310000000.0,2.18,2.18,N/A,N/A,N/A,N/A,2.18,2.18,2.62,2.8,0.03,3.94,239.36,6.03,6.03,6.03,6.03,,,,,,,,,,,N/A,N/A,N/A,N/A,N/A,N/A,N/A,N/A,N/A,N/A,1,2,2,72,24,24,96,20,8,69,57,57,58,15,16,23,8,8,19,32,45,19,27,12,16,77,28,16,8,90,18,N/A,34,15,49,54,56,51,36,35,3,3,N/A,N/A,N/A,N/A,3,3,41,2,59,37,5,69,69,69,69,8,8,8,8,8,8,8,8,8,8,N/A
9,N/A,N/A,BA,Aerospace &amp; Defense,N/A,N/A,N/A,N/A,N/A,16140000000.0,18430000000.0,10.91,0.88,0.88,0.88,297.99,1.01,9.31,8.06,9.0,4.09,27.53,18300000000.0,5.75,11.2,11800000000.0,1980000000.0,1480000000.0,46.1,28.7,2590000000.0,0.81,4820000000.0,87.37,1.01,1.69,1600000000.0,713500000.0,0.54,5.59,N/A,672.8,5.69,513.1,573.59,10600000.0,10390000.0,3210000000.0,3060000000.0,0.23,0.23,N/A,N/A,N/A,N/A,0.23,0.23,0.23,0.23,0.05,3.94,49.02,8.06,8.06,8.06,8.06,,,,,,,,,,,N/A,N/A,N/A,N/A,N/A,N/A,N/A,N/A,N/A,N/A,24,27,58,31,66,66,68,62,43,58,65,52,21,22,53,32,17,31,21,58,49,26,57,34,39,61,80,27,34,69,87,N/A,29,90,31,35,22,23,17,18,60,60,N/A,N/A,N/A,N/A,60,60,75,59,35,36,59,58,58,58,58,9,9,9,9,9,9,9,9,9,9,N/A
10,N/A,N/A,BARC,Banks\xe2\x80\x94Diversified,N/A,N/A,N/A,N/A,N/A,17810000000.0,117800000000.0,8.86,0.87,0.87,0.87,25.96,5.76,1.18,14.1,34.4,0.22,4.37,20430000000.0,1.18,14.7,19730000000.0,2029999999.9999998,2029999999.9999998,11.6,32.2,611310000000.0,35.38,710130000000.0,3.96,3.96,3.96,30.402,30.402,1.18,35.3,N/A,192.99,73.04,92.11,150.5,90770000.0,102100000.0,17330000000.0,15770000000.0,0.03,0.03,N/A,N/A,N/A,N/A,0.03,0.03,0.03,0.03,0.03,2.89,48.95,14.1,14.1,14.1,14.1,,,,,,,,,,,N/A,N/A,N/A,N/A,N/A,N/A,N/A,N/A,N/A,N/A,23,4,66,28,67,67,3,15,87,37,14,94,84,20,86,24,7,30,13,89,42,1,10,1,90,6,58,87,84,22,31,N/A,77,68,85,82,2,4,4,4,88,88,N/A,N/A,N/A,N/A,88,88,90,87,66,56,60,37,37,37,37,10,10,10,10,10,10,10,10,10,10,N/A
11,N/A,N/A,BATS,Tobacco,N/A,N/A,N/A,N/A,N/A,67569999999.99999,110390000000.0,11.83,2.61,2.61,2.61,105.5,4.27,9.71,22.04,40.77,4.59,9.01,25880000000.0,11.33,6.6,21440000000.0,11370000000.0,5700000000.0,249.0,13.5,2650000000.0,1.16,45370000000.0,70.71,0.7,27.92,4200000000.0,4200000000.0,0.64,6.32,N/A,507.0,116.5,847.04,57.71,5350000.0,3620000.0,2290000000.0,2260000000.0,2.1,2.1,N/A,N/A,N/A,N/A,2.1,2.1,6.83,2.03,0.07,4.72,81.53,22.04,22.04,22.04,22.04,,,,,,,,,,,N/A,N/A,N/A,N/A,N/A,N/A,N/A,N/A,N/A,N/A,5,6,53,60,36,36,32,23,41,15,8,48,65,14,32,57,6,4,3,11,69,25,48,7,45,80,3,15,9,62,85,N/A,45,63,6,90,39,45,23,25,4,4,N/A,N/A,N/A,N/A,4,4,14,4,20,24,23,15,15,15,15,11,11,11,11,11,11,11,11,11,11,N/A
12,N/A,N/A,BDEV,Residential Construction,N/A,N/A,N/A,N/A,N/A,5410000000.0,5010000000.0,7.24,1.1,1.1,1.1,111.14,1.02,5.42,15.35,18.75,8.39,16.02,4900000000.0,4.84,6.3,1090000000.0,924300000.0,73.3,73.3,3.6,626700000.0,0.62,251400000.0,5.18,3.84,4.78,401600000.0,396860000.0,1.11,12.6,N/A,979.54,349.4,460.42,664.14,7460000.0,9210000.0,1020000000.0,1010000000.0,0.19,0.19,N/A,N/A,N/A,N/A,0.19,0.19,0.19,0.19,0.04,3.78,39.7,15.35,15.35,15.35,15.35,,,,,,,,,,,N/A,N/A,N/A,N/A,N/A,N/A,N/A,N/A,N/A,N/A,66,79,71,39,57,57,34,61,61,32,43,24,45,51,61,61,69,46,76,44,89,46,63,80,87,7,49,57,49,28,68,N/A,1,38,36,25,27,24,44,42,66,66,N/A,N/A,N/A,N/A,66,66,77,65,45,39,72,32,32,32,32,12,12,12,12,12,12,12,12,12,12,N/A
13,N/A,N/A,BHP,Other Industrial Metals &amp; Mining,N/A,N/A,N/A,N/A,N/A,65250000000.0,82950000000.0,6.95,1.41,1.41,1.41,135.58,1.8,3.52,20.39,38.91,10.97,19.06,46160000000.0,9.13,7.4,35780000000.0,23580000000.0,9450000000.0,185.6,29.3,14340000000.0,2.84,27750000000.0,52.94,1.62,9.52,18040000000.0,12200000000.0,0.98,24.87,N/A,78.5,939.8,250.68,570.05,9630000.0,7450000.0,2109999999.9999998,5020000000.0,0.82,0.82,N/A,N/A,N/A,N/A,0.82,0.82,6.12,1.43,0.11,5.04,48.38,20.39,20.39,20.39,20.39,,,,,,,,,,,N/A,N/A,N/A,N/A,N/A,N/A,N/A,N/A,N/A,N/A,6,8,74,43,53,53,40,46,73,18,11,12,36,7,37,49,3,2,1,19,48,8,28,11,58,31,24,2,1,35,47,N/A,89,3,64,36,26,28,26,10,28,28,N/A,N/A,N/A,N/A,28,28,17,13,10,22,62,18,18,18,18,13,13,13,13,13,13,13,13,13,13,N/A
14,N/A,N/A,BKG,Residential Construction,N/A,N/A,N/A,N/A,N/A,5280000000.0,4269999999.9999995,10.5,2.36,2.36,2.36,174.84,1.91,6.82,23.54,27.86,7.89,18.4,2230000000.0,17.5,43.7,926200000.0,626800000.0,400.2,400.2,31.2,1360000000.0,10.73,10.04,10.04,2.89,24.03,274900000.0,144810000.0,0.79,12.14,N/A,562.0,41.0,783.5,563.92,911.18,1360000.0,125710000.0,122390000.0,1.19,1.19,N/A,N/A,N/A,N/A,1.19,1.19,2.85,1.19,0.03,3.82,6.79,23.54,23.54,23.54,23.54,,,,,,,,,,,N/A,N/A,N/A,N/A,N/A,N/A,N/A,N/A,N/A,N/A,67,84,59,57,39,39,48,44,55,12,20,29,39,68,20,14,74,53,60,5,46,37,17,96,85,9,6,63,70,47,69,N/A,40,77,10,38,84,73,92,90,15,15,N/A,N/A,N/A,N/A,15,15,39,15,69,38,88,12,12,12,12,14,14,14,14,14,14,14,14,14,14,N/A
15,N/A,N/A,BLND,REIT\xe2\x80\x94Retail,N/A,N/A,N/A,N/A,N/A,3660000000.0,7250000000.0,5.48,5.48,5.48,5.48,46.94,10.85,23.72,96.86,43.71,1.5,8.12,0.7,0.7,58.8,305500000.0,305500000.0,68.0,68.0,0.17,0.17,0.17,3580000000.0,44.86,0.31,8.42,218880000.0,218880000.0,1.21,32.02,N/A,649.4,309.4,370.75,527.37,6140000.0,4930000.0,926670000.0,919330000.0,0.31,0.31,N/A,N/A,N/A,N/A,0.31,0.31,0.31,0.31,0.08,4.7,96.86,96.86,96.86,96.86,96.86,,,,,,,,,,,N/A,N/A,N/A,N/A,N/A,N/A,N/A,N/A,N/A,N/A,89,56,82,79,17,17,12,6,6,2,6,81,71,94,91,12,89,65,78,49,94,89,84,42,65,94,27,72,62,18,35,N/A,32,43,50,42,33,36,49,44,56,56,N/A,N/A,N/A,N/A,56,56,73,58,15,25,15,2,2,2,2,15,15,15,15,15,15,15,15,15,15,N/A
16,N/A,N/A,BNZL,Food Distribution,N/A,N/A,N/A,N/A,N/A,5690000000.0,7370000000.0,16.17,0.61,0.61,0.61,322.92,0.79,10.9,3.74,5.84,5.93,20.31,9330000000.0,27.98,1.3,2290000000.0,349200000.0,349200000.0,104.5,9.5,610500000.0,1.83,2350000000.0,134.59,1.34,5.23,669300000.0,524980000.0,0.41,23.09,N/A,255.0,242.0,589.51,915.03,1590000.0,1140000.0,336800000.0,328910000.0,0.16,0.16,N/A,N/A,N/A,N/A,0.16,0.16,0.16,0.16,0.01,2.01,48.33,3.74,3.74,3.74,3.74,,,,,,,,,,,N/A,N/A,N/A,N/A,N/A,N/A,N/A,N/A,N/A,N/A,59,54,38,23,73,73,71,72,33,83,75,40,34,39,11,88,43,64,37,35,79,48,41,53,22,42,44,45,42,78,50,N/A,70,50,22,4,72,77,74,69,69,69,N/A,N/A,N/A,N/A,69,69,78,70,91,72,64,83,83,83,83,16,16,16,16,16,16,16,16,16,16,N/A
17,N/A,N/A,BP,Oil &amp; Gas Integrated,N/A,N/A,N/A,N/A,N/A,60360000000.0,122760000000.0,0.22,0.22,0.22,0.22,68.31,0.45,5.2,1.21,0.84,0.5,3.3,270399999999.99997,13.33,9.8,45680000000.0,23600000000.0,3270000000.0,16.1,18230000000.0,18230000000.0,0.9,78490000000.0,86.75,1.01,4.38,21430000000.0,5220000000.0,0.7,42.88,N/A,565.8,4.69,309.98,432.47,72340000.0,57200000.0,20200000000.0,19800000000.0,0.34,0.34,N/A,N/A,N/A,N/A,0.34,0.34,10.14,0.41,0.13,6.5,1.21,1.21,1.21,1.21,1.21,,,,,,,,,,,N/A,N/A,N/A,N/A,N/A,N/A,N/A,N/A,N/A,N/A,9,3,94,6,90,90,21,82,65,90,87,87,87,1,26,35,2,1,7,85,1,6,56,6,41,59,54,1,7,57,25,N/A,39,92,57,52,3,7,3,3,54,54,N/A,N/A,N/A,N/A,54,54,7,50,7,12,92,90,90,90,90,17,17,17,17,17,17,17,17,17,17,N/A
18,N/A,N/A,BRBY,Luxury Goods,N/A,N/A,N/A,N/A,N/A,5570000000.0,6060000000.0,15.89,2.0,2.0,2.0,445.18,2.18,10.92,12.86,16.92,11.03,27.72,2780000000.0,6.78,5.0,1860000000.0,554900000.0,357700000.0,86.6,13.9,715400000.0,1.75,1130000000.0,88.99,1.69,3.09,397480000.0,397480000.0,0.83,30.5,N/A,362.0,17.0,332.06,856.13,2280000.0,2120000.0,404710000.0,406940000.0,0.43,0.43,N/A,N/A,N/A,N/A,0.43,0.43,3.08,0.43,0.03,2.37,49.13,12.86,12.86,12.86,12.86,,,,,,,,,,,N/A,N/A,N/A,N/A,N/A,N/A,N/A,N/A,N/A,N/A,61,69,39,53,43,43,77,42,32,41,50,11,20,61,47,68,53,57,36,40,67,44,43,67,38,27,67,58,48,45,36,N/A,55,83,54,10,66,60,69,65,44,44,N/A,N/A,N/A,N/A,44,44,37,46,60,63,58,41,41,41,41,18,18,18,18,18,18,18,18,18,18,N/A
19,,,,,,,,,,,,,,,,,,,,,,,,,,,,,,,,,,,,,,,,,,,,,,,,,,,,,,,,,,,,,,,,,,,,,,,,,,,,,,N/A,N/A,N/A,N/A,N/A,N/A,N/A,N/A,N/A,N/A,N/A,N/A,,N/A,N/A,,N/A,N/A,N/A,N/A,N/A,N/A,N/A,N/A,N/A,N/A,N/A,N/A,N/A,N/A,N/A,N/A,N/A,N/A,N/A,N/A,N/A,N/A,N/A,N/A,N/A,N/A,N/A,N/A,N/A,N/A,N/A,N/A,N/A,N/A,N/A,N/A,N/A,N/A,N/A,N/A,N/A,N/A,N/A,N/A,N/A,N/A,N/A,N/A,N/A,N/A,N/A,N/A,N/A,N/A,N/A,N/A,N/A,N/A,N/A,N/A,N/A
20,N/A,N/A,CCH,Beverages\xe2\x80\x94Non-Alcoholic,N/A,N/A,N/A,N/A,N/A,7250000000.0,7230000000.0,13.9,208.24,208.24,208.24,208.24,0.79,0.79,6.94,0.0,6.27,16.78,7.1,7.1,7.1,2650000000.0,143.3,143.3,143.3,26.9,123.13,123.13,123.13,123.13,1.15,9.57,30.402,30.402,0.79,27.07,N/A,94.0,393.1,832.85,384.0,1290000.0,1400000.0,364060000.0,187710000.0,0.52,0.52,N/A,N/A,N/A,N/A,0.52,0.52,2.58,0.63,0.03,1.85,42.86,6.94,6.94,6.94,6.94,,,,,,,,,,,N/A,N/A,N/A,N/A,N/A,N/A,N/A,N/A,N/A,N/A,43,57,47,95,1,1,57,71,92,63,89,37,43,86,43,52,39,84,70,27,51,72,5,90,27,50,23,84,90,46,42,N/A,86,33,8,56,77,71,72,82,34,34,N/A,N/A,N/A,N/A,34,34,43,33,61,76,68,63,63,63,63,20,20,20,20,20,20,20,20,20,20,N/A
21,N/A,N/A,CCL,Leisure,N/A,N/A,N/A,N/A,N/A,7130000000.0,19950000000.0,3.68,0.34,0.34,0.34,28.29,0.95,3.73,8.94,14.97,4.31,7.72,20940000000.0,30.45,2.5,7920000000.0,5350000000.0,1870000000.0,272.2,1350000000.0,1350000000.0,1.98,14430000000.0,59.42,0.27,35.46,5270000000.0,458500000.0,1.98,72.7,N/A,80.0,581.0,906.45,600.85,2830000.0,2830000.0,156870000.0,526039999.99999994,2.0,2.0,N/A,N/A,N/A,N/A,2.0,2.0,2.0,2.0,0.18,3.16,74.29,8.94,8.94,8.94,8.94,,,,,,,,,,,N/A,N/A,N/A,N/A,N/A,N/A,N/A,N/A,N/A,N/A,45,26,86,13,83,83,5,65,69,57,56,49,74,19,10,80,19,9,15,7,12,38,40,15,53,95,1,13,43,2,2,N/A,88,21,3,31,57,50,88,58,6,6,N/A,N/A,N/A,N/A,6,6,50,5,2,47,27,57,57,57,57,21,21,21,21,21,21,21,21,21,21,N/A
22,N/A,N/A,CNA,Utilities\xe2\x80\x94Diversified,N/A,N/A,N/A,N/A,N/A,2280000000.0,6740000000.0,0.1,0.1,0.1,0.1,188.37,0.3,1.44,4.51,17.38,12.72,38.41,22670000000.0,3.94,0.9,6880000000.0,4680000000.0,1020000000.0,17.8,1470000000.0,1470000000.0,0.25,5340000000.0,297.66,0.93,0.21,1250000000.0,3150000000.0,1.11,62.14,N/A,107.4,29.1,36.36,69.25,50370000.0,61590000.0,5820000000.0,5600000000.0,0.01,0.01,N/A,N/A,N/A,N/A,0.01,0.01,0.01,0.01,0.04,8.23,4.51,4.51,4.51,4.51,4.51,,,,,,,,,,,N/A,N/A,N/A,N/A,N/A,N/A,N/A,N/A,N/A,N/A,94,61,95,1,95,95,52,90,84,79,48,6,11,17,68,90,23,12,26,84,11,35,78,32,3,67,94,34,11,27,4,N/A,84,78,93,88,6,6,9,9,93,93,N/A,N/A,N/A,N/A,93,93,94,94,49,9,91,79,79,79,79,22,22,22,22,22,22,22,22,22,22,N/A
23,N/A,N/A,CPG,Restaurants,N/A,N/A,N/A,N/A,N/A,20190000000.0,23670000000.0,18.18,0.81,0.81,0.81,604.66,0.95,11.35,4.46,6.29,7.54,37.09,24880000000.0,15.69,8.8,6150000000.0,2080000000.0,1110000000.0,69.9,12.5,0.25,0.25,3880000000.0,115.32,0.76,2.1,1950000000.0,899880000.0,0.5,23.06,N/A,150.0,20.62,224.24,730.62,6910000.0,4220000.0,1590000000.0,1580000000.0,0.4,0.4,N/A,N/A,N/A,N/A,0.4,0.4,0.4,0.4,0.03,2.2,55.08,4.46,4.46,4.46,4.46,,,,,,,,,,,N/A,N/A,N/A,N/A,N/A,N/A,N/A,N/A,N/A,N/A,19,24,35,27,69,69,83,64,30,81,74,32,13,16,25,41,27,28,24,46,71,88,77,39,28,76,75,24,28,70,51,N/A,81,80,70,14,30,42,31,31,48,48,N/A,N/A,N/A,N/A,48,48,68,51,65,70,49,81,81,81,81,23,23,23,23,23,23,23,23,23,23,N/A
24,N/A,N/A,CRDA,Specialty Chemicals,N/A,N/A,N/A,N/A,N/A,6150000000.0,6710000000.0,27.68,4.46,4.46,4.46,714.8,4.87,17.85,16.25,23.22,10.51,23.98,1380000000.0,10.63,3.1,512200000.00000006,375600000.0,223900000.0,172.4,10.2,81900000.0,0.63,629600000.0,72.48,1.69,6.68,303900000.0,150560000.0,0.62,3.9,N/A,415.0,48.62,443.62,796.24,616.85,562.04,128889999.99999999,126960000.0,1.01,1.01,N/A,N/A,N/A,N/A,1.01,1.01,2.07,0.9,0.02,1.95,52.03,16.25,16.25,16.25,16.25,,,,,,,,,,,N/A,N/A,N/A,N/A,N/A,N/A,N/A,N/A,N/A,N/A,56,62,13,74,22,22,86,21,13,28,33,13,28,78,34,76,83,63,47,23,77,62,62,72,44,26,36,62,67,64,94,N/A,51,76,39,13,89,88,91,89,20,20,N/A,N/A,N/A,N/A,20,20,49,26,86,73,54,28,28,28,28,24,24,24,24,24,24,24,24,24,24,N/A
25,N/A,N/A,CRH,Building Materials,N/A,N/A,N/A,N/A,N/A,18420000000.0,18420000000.0,5.68,109.3,109.3,109.3,109.3,0.93,0.93,7.68,0.0,4.29,9.63,8289999999.999999,8289999999.999999,8289999999.999999,8289999999.999999,413.5,413.5,413.5,60.31,60.31,60.31,60.31,60.31,1.61,21.47,30.402,30.402,0.93,7.8,N/A,116.0,500.0,146.06,708.92,2740000.0,2089999.9999999998,784810000.0,784580000.0,0.73,0.73,N/A,N/A,N/A,N/A,0.73,0.73,3.02,0.8,0.03,2.3,36.09,7.68,7.68,7.68,7.68,,,,,,,,,,,N/A,N/A,N/A,N/A,N/A,N/A,N/A,N/A,N/A,N/A,22,28,81,92,4,4,33,67,90,61,91,50,62,40,0,0,18,76,59,4,30,73,7,91,52,32,9,89,94,39,79,N/A,82,25,76,18,60,61,54,50,31,31,N/A,N/A,N/A,N/A,31,31,38,29,68,66,76,61,61,61,61,25,25,25,25,25,25,25,25,25,25,N/A
26,N/A,N/A,DCC,Oil &amp; Gas Refining &amp; Marketing,N/A,N/A,N/A,N/A,N/A,5520000000.0,6350000000.0,23.76,0.36,0.36,0.36,232.08,0.42,10.68,1.54,2.73,3.64,11.6,15120000000.0,153.91,1.4,1640000000.0,594260000.0,232280000.0,236.0,44.6,1680000000.0,17.04,2460000000.0,101.35,1.52,24.16,423890000.0,261100000.00000003,0.57,17.21,N/A,558.3,463.0,102.5,114.8,513.38,280.23,98400000.0,95050000.0,1.43,1.43,N/A,N/A,N/A,N/A,1.43,1.43,2.52,1.43,0.03,1.76,57.18,1.54,1.54,1.54,1.54,,,,,,,,,,,N/A,N/A,N/A,N/A,N/A,N/A,N/A,N/A,N/A,N/A,62,68,22,15,81,81,60,84,34,88,83,56,59,29,1,87,59,56,45,12,35,30,14,51,31,35,5,53,57,67,61,N/A,41,27,84,85,93,94,93,92,11,11,N/A,N/A,N/A,N/A,11,11,46,12,64,80,44,88,88,88,88,26,26,26,26,26,26,26,26,26,26,N/A
27,N/A,N/A,DGE,Beverages\xe2\x80\x94Wineries &amp; Distilleries,N/A,N/A,N/A,N/A,N/A,64629999999.99999,79870000000.0,21.64,4.91,4.91,4.91,866.11,6.07,17.78,23.17,31.73,8.18,31.47,13160000000.0,5.54,4.2,4490000000.0,4490000000.0,3050000000.0,127.8,5.6,0.4,0.4,13960000000.0,151.22,1.15,3.19,2930000000.0,1660000000.0,0.29,14.26,N/A,633.5,50.6,559.31,963.82,6260000.0,5670000.0,2340000000.0,2350000000.0,0.7,0.7,N/A,N/A,N/A,N/A,0.7,0.7,2.54,0.7,0.03,2.56,53.45,23.17,23.17,23.17,23.17,,,,,,,,,,,N/A,N/A,N/A,N/A,N/A,N/A,N/A,N/A,N/A,N/A,7,9,25,76,20,20,94,13,14,14,16,27,16,33,55,70,31,13,9,28,85,84,71,17,19,49,64,19,14,86,66,N/A,35,74,26,2,32,33,22,23,32,32,N/A,N/A,N/A,N/A,32,32,45,32,63,60,51,14,14,14,14,27,27,27,27,27,27,27,27,27,27,N/A
28,N/A,N/A,EVR,Steel,N/A,N/A,N/A,N/A,N/A,3720000000.0,7410000000.0,11.65,0.31,0.31,0.31,222.18,0.62,2.94,2.74,15.71,12.16,18.88,11910000000.0,8.22,11.2,3630000000.0,2520000000.0,22.0,22.0,99.0,1420000000.0,0.98,4860000000.0,251.87,1.69,1.15,2430000000.0,1210000000.0,1.53,56.34,N/A,710.2,200.6,244.7,340.03,4850000.0,4600000.0,1450000000.0,478840000.0,0.9,0.9,N/A,N/A,N/A,N/A,0.9,0.9,33.97,1.15,0.43,344.78,344.78,2.74,2.74,2.74,2.74,,,,,,,,,,,N/A,N/A,N/A,N/A,N/A,N/A,N/A,N/A,N/A,N/A,86,53,54,12,84,84,59,76,76,86,53,8,37,37,40,31,35,21,88,79,21,36,52,33,6,28,87,20,23,8,8,N/A,24,53,66,61,40,38,32,60,25,25,N/A,N/A,N/A,N/A,25,25,1,16,1,0,3,86,86,86,86,28,28,28,28,28,28,28,28,28,28,N/A
29,N/A,N/A,EXPN,Consulting Services,N/A,N/A,N/A,N/A,N/A,21340000000.0,25420000000.0,29.45,4.28,4.28,4.28,917.97,5.09,16.4,14.56,24.32,9.18,31.92,4990000000.0,5.53,5.5,2080000000.0,1550000000.0,79.8,79.8,10.0,0.17,0.17,4370000000.0,188.52,0.44,2.56,1110000000.0,646500000.0,0.43,7.22,N/A,926.0,823.5,240.82,484.37,2740000.0,2160000.0,908290000.0,900610000.0,0.37,0.37,N/A,N/A,N/A,N/A,0.37,0.37,1.56,0.47,0.02,1.88,58.62,14.56,14.56,14.56,14.56,,,,,,,,,,,N/A,N/A,N/A,N/A,N/A,N/A,N/A,N/A,N/A,N/A,18,23,10,73,23,23,95,19,18,34,30,20,15,49,56,65,50,36,75,41,78,90,82,35,14,89,73,36,36,77,81,N/A,5,7,67,48,59,59,50,45,50,50,N/A,N/A,N/A,N/A,50,50,56,39,79,75,42,34,34,34,34,29,29,29,29,29,29,29,29,29,29,N/A
30,N/A,N/A,EZJ,Airlines,N/A,N/A,N/A,N/A,N/A,2250000000.0,2580000000.0,6.47,0.35,0.35,0.35,75.14,0.4,3.66,5.47,7.3,3.84,11.23,6380000000.0,16.25,8.8,1550000000.0,87.8,87.8,87.8,37.6,1580000000.0,3.99,1910000000.0,63.95,0.79,7.56,268750000.0,268750000.0,1.61,46.0,N/A,570.0,410.0,594.29,161.55,4440000.0,4740000.0,254350000.0,254350000.0,0.44,0.44,N/A,N/A,N/A,N/A,0.44,0.44,7.28,0.44,0.07,4.19,66.74,5.47,5.47,5.47,5.47,,,,,,,,,,,N/A,N/A,N/A,N/A,N/A,N/A,N/A,N/A,N/A,N/A,95,94,77,14,82,82,22,86,71,71,71,54,60,44,23,43,60,85,74,39,40,32,24,57,47,74,31,64,55,4,16,N/A,38,32,21,81,42,37,79,76,43,43,N/A,N/A,N/A,N/A,43,43,12,43,21,32,35,71,71,71,71,30,30,30,30,30,30,30,30,30,30,N/A
31,N/A,N/A,FERG,Industrial Distribution,N/A,N/A,N/A,N/A,N/A,12480000000.0,15950000000.0,12.9,0.56,0.56,0.56,305.64,0.72,8.84,4.47,6.97,8.27,23.54,22130000000.0,97.06,1.1,6460000000.0,1800000000.0,430.6,430.6,20.3,3.47,3.47,4190000000.0000005,101.97,1.52,18.17,1560000000.0,1120000000.0,0.89,5.21,N/A,696.0,700.0,68.53,444.03,683.43,683.43,224720000.0,214030000.0,1.45,1.45,N/A,N/A,N/A,N/A,1.45,1.45,1.45,1.45,0.03,2.31,48.33,4.47,4.47,4.47,4.47,,,,,,,,,,,N/A,N/A,N/A,N/A,N/A,N/A,N/A,N/A,N/A,N/A,31,31,50,22,74,74,69,75,45,80,72,26,29,18,2,89,25,34,58,3,59,76,25,37,30,36,11,28,24,41,89,N/A,27,13,89,51,86,84,83,80,10,10,N/A,N/A,N/A,N/A,10,10,58,11,62,64,63,80,80,80,80,31,31,31,31,31,31,31,31,31,31,N/A
32,N/A,N/A,FLTR,Gambling,N/A,N/A,N/A,N/A,N/A,7950000000.0,8550000000.000001,55.51,3.71,3.71,3.71,198.68,4.0,20.12,6.73,7.83,1.98,2.66,2140000000.0000002,26.87,11.3,1490000000.0,425200000.0,179.8,179.8,40.8,108100000.0,1.36,541200000.0,12.92,0.41,50.23,419400000.0,249960000.0,0.21,54.65,N/A,270.0,68.63,571.08,235.37,557.97,398.29,79700000.0,71720000.0,1.97,1.97,N/A,N/A,N/A,N/A,1.97,1.97,1.97,1.97,0.02,2.18,107.96,6.73,6.73,6.73,6.73,,,,,,,,,,,N/A,N/A,N/A,N/A,N/A,N/A,N/A,N/A,N/A,N/A,40,44,5,71,25,25,55,25,9,66,70,76,93,70,12,30,62,62,66,20,38,59,47,75,83,90,0,56,58,91,10,N/A,67,70,25,72,91,91,94,94,7,7,N/A,N/A,N/A,N/A,7,7,52,6,76,71,14,66,66,66,66,32,32,32,32,32,32,32,32,32,32,N/A
33,,,,,,,,,,,,,,,,,,,,,,,,,,,,,,,,,,,,,,,,,,,,,,,,,,,,,,,,,,,,,,,,,,,,,,,,,,,,,,N/A,N/A,N/A,N/A,N/A,N/A,N/A,N/A,N/A,N/A,N/A,N/A,,N/A,N/A,,N/A,N/A,N/A,N/A,N/A,N/A,N/A,N/A,N/A,N/A,N/A,N/A,N/A,N/A,N/A,N/A,N/A,N/A,N/A,N/A,N/A,N/A,N/A,N/A,N/A,N/A,N/A,N/A,N/A,N/A,N/A,N/A,N/A,N/A,N/A,N/A,N/A,N/A,N/A,N/A,N/A,N/A,N/A,N/A,N/A,N/A,N/A,N/A,N/A,N/A,N/A,N/A,N/A,N/A,N/A,N/A,N/A,N/A,N/A,N/A,N/A
34,N/A,N/A,FRES,Other Precious Metals &amp; Mining,N/A,N/A,N/A,N/A,N/A,5170000000.0,5780000000.0,25.34,2.44,2.44,2.44,164.52,2.73,8.24,9.62,9.98,2.76,6.42,2120000000.0,2.88,13.0,461710000.0,702280000.0,27.7,27.7,11.7,336580000.0,0.46,813780000.0,24.82,6.37,4.27,435910000.0,15960000.0,0.18,4.87,N/A,921.2,456.51,686.95,645.77,2280000.0,1760000.0,736890000.0,184240000.0,0.12,0.12,N/A,N/A,N/A,N/A,0.12,0.12,1.65,0.14,0.02,1.68,69.79,9.62,9.62,9.62,9.62,,,,,,,,,,,N/A,N/A,N/A,N/A,N/A,N/A,N/A,N/A,N/A,N/A,68,71,17,58,38,38,46,38,48,54,62,70,78,71,74,26,84,51,84,71,73,51,69,70,79,2,55,52,79,94,91,N/A,6,29,16,26,67,68,58,83,73,73,N/A,N/A,N/A,N/A,73,73,55,73,78,81,31,54,54,54,54,34,34,34,34,34,34,34,34,34,34,N/A
35,N/A,N/A,GLEN,Other Industrial Metals &amp; Mining,N/A,N/A,N/A,N/A,N/A,18620000000.0,52350000000.0,0.09,0.09,0.09,0.09,45.8,0.24,5.24,0.19,0.75,0.8,3.56,215110000000.0,15.72,3.5,4610000000.0,9980000000.0,3.0,3.0,2150000000.0,2150000000.0,0.16,37070000000.0,94.48,1.06,3.05,8730000000.0,6190000000.0,1.7,50.7,N/A,298.4,109.76,133.93,205.77,51220000.0,51220000.0,13320000000.0,9880000000.0,0.15,0.15,N/A,N/A,N/A,N/A,0.15,0.15,12.82,0.2,0.14,0.19,0.19,0.19,0.19,0.19,0.19,,,,,,,,,,,N/A,N/A,N/A,N/A,N/A,N/A,N/A,N/A,N/A,N/A,20,14,96,0,96,96,11,91,64,96,88,84,86,2,24,73,30,6,94,94,8,29,86,8,32,56,68,6,6,3,14,N/A,65,64,78,76,5,8,5,5,71,71,N/A,N/A,N/A,N/A,71,71,4,63,5,93,93,96,96,96,96,35,35,35,35,35,35,35,35,35,35,N/A
36,N/A,N/A,GSK,Drug Manufacturers\xe2\x80\x94General,N/A,N/A,N/A,N/A,N/A,80830000000.0,114330000000.0,15.06,2.3,2.3,2.3,612.39,3.25,11.4,15.29,25.96,7.78,50.81,35180000000.0,7.1,18.7,22970000000.0,10030000000.0,5380000000.0,107.0,88.6,4860000000.0,0.98,32009999999.999996,159.26,0.87,2.63,8320000000.0,3400000000.0,0.41,7.01,N/A,857.0,328.19,548.65,681.53,13790000.0,10610000.0,5020000000.0,4920000000.0,0.76,0.76,N/A,N/A,N/A,N/A,0.76,0.76,4.58,0.8,0.05,5.28,74.7,15.29,15.29,15.29,15.29,,,,,,,,,,,N/A,N/A,N/A,N/A,N/A,N/A,N/A,N/A,N/A,N/A,4,5,43,56,40,40,84,30,29,33,27,31,8,9,44,19,4,5,4,33,22,15,53,10,17,71,71,9,10,79,82,N/A,10,39,28,24,18,22,10,11,29,29,N/A,N/A,N/A,N/A,29,29,24,28,29,21,25,33,33,33,33,36,36,36,36,36,36,36,36,36,36,N/A
37,N/A,N/A,HIK,Drug Manufacturers\xe2\x80\x94Specialty &amp; Generic,N/A,N/A,N/A,N/A,N/A,5450000000.0,5700000000.0,11.26,2.47,2.47,2.47,257.17,2.58,9.89,22.02,21.66,8.04,25.46,2210000000.0,9.12,7.3,1150000000.0,200.0,200.0,200.0,71.0,1.83,1.83,32.17,32.17,1.26,8.75,261250000.0,261250000.0,0.05,34.7,N/A,474.0,553.0,122.13,971.34,668.18,669.79,242320000.0,132729999.99999999,0.46,0.46,N/A,N/A,N/A,N/A,0.46,0.46,1.94,0.44,0.02,1.45,21.57,22.02,22.02,22.02,22.02,,,,,,,,,,,N/A,N/A,N/A,N/A,N/A,N/A,N/A,N/A,N/A,N/A,65,72,56,59,37,37,61,40,38,16,36,28,24,69,38,51,67,81,65,16,26,77,42,94,73,45,26,65,56,96,32,N/A,46,24,81,1,87,85,80,87,39,39,N/A,N/A,N/A,N/A,39,39,53,44,80,87,85,16,16,16,16,37,37,37,37,37,37,37,37,37,37,N/A
38,N/A,N/A,HL,Asset Management,N/A,N/A,N/A,N/A,N/A,6810000000.0,6500000000.0,26.0,13.56,13.56,13.56,541.35,12.95,19.95,52.31,63.45,21.7,63.48,1.06,1.06,9.1,383300000.0,262600000.00000003,262600000.00000003,55.2,12.3,320700000.0,0.68,21900000.0,4.95,1.68,0.93,232700000.0,142660000.0,0.9,37.15,N/A,447.0,147.0,436.31,687.56,3240000.0,4340000.0,474320000.0,311710000.0,0.35,0.35,N/A,N/A,N/A,N/A,0.35,0.35,2.4,0.35,0.02,1.77,61.05,52.31,52.31,52.31,52.31,,,,,,,,,,,N/A,N/A,N/A,N/A,N/A,N/A,N/A,N/A,N/A,N/A,48,65,14,87,9,9,82,2,10,5,3,2,6,92,87,39,86,68,42,54,72,52,60,83,88,29,90,69,72,40,30,N/A,49,60,41,23,52,40,65,72,51,51,N/A,N/A,N/A,N/A,51,51,47,53,83,78,40,5,5,5,5,38,38,38,38,38,38,38,38,38,38,N/A
39,N/A,N/A,HLMA,Conglomerates,N/A,N/A,N/A,N/A,N/A,7930000000.0,8240000000.0,44.0,6.2,6.2,6.2,742.45,6.44,27.74,14.09,18.22,9.03,18.07,1280000000.0,3.37,11.6,639700000.0,296900000.0,180200000.0,47.5,13.9,83200000.0,0.22,393600000.0,36.87,2.55,2.82,217800000.0,131400000.0,0.46,15.92,N/A,261.0,19.02,954.71,34.04,1360000.0,901.5,379640000.0,377400000.0,0.13,0.13,N/A,N/A,N/A,N/A,0.13,0.13,0.63,0.16,0.01,1.15,33.07,14.09,14.09,14.09,14.09,,,,,,,,,,,N/A,N/A,N/A,N/A,N/A,N/A,N/A,N/A,N/A,N/A,41,48,6,81,15,15,88,11,4,38,46,21,41,80,70,29,77,67,53,57,66,61,79,78,71,14,70,73,73,73,64,N/A,69,81,0,93,76,78,71,67,72,72,N/A,N/A,N/A,N/A,72,72,66,72,92,89,79,38,38,38,38,39,39,39,39,39,39,39,39,39,39,N/A
40,N/A,N/A,HSBA,Banks\xe2\x80\x94Diversified,N/A,N/A,N/A,N/A,N/A,81960000000.0,145990000000.0,22.48,1.63,1.63,1.63,42.75,2.91,0.7,10.1,33.33,0.23,3.2,50160000000.0,2.48,23.0,53340000000.0,3620000000.0,3620000000.0,17.9,50.8,997080000000.0,49.46,761450000000.0,9.41,9.41,9.41,30.402,30.402,0.7,39.76,N/A,741.0,5.76,439.99,540.91,56960000.0,41060000.0,20370000000.0,19950000000.0,0.2,0.2,N/A,N/A,N/A,N/A,0.2,0.2,0.2,0.2,0.05,6.14,165.18,10.1,10.1,10.1,10.1,,,,,,,,,,,N/A,N/A,N/A,N/A,N/A,N/A,N/A,N/A,N/A,N/A,3,1,24,46,50,50,8,35,94,50,15,93,88,5,76,17,1,18,5,83,33,0,9,0,86,1,25,93,95,59,29,N/A,19,89,40,41,4,9,2,2,64,64,N/A,N/A,N/A,N/A,64,64,76,64,33,16,9,50,50,50,50,40,40,40,40,40,40,40,40,40,40,N/A
41,N/A,N/A,IAG,Airlines,N/A,N/A,N/A,N/A,N/A,4630000000.0,4630000000.0,1.46,57.89,57.89,57.89,57.89,1.54,1.54,6.72,0.0,6.45,25.32,3.3,3.3,3.3,7260000000.0,160.1,160.1,160.1,208.73,208.73,208.73,208.73,208.73,0.89,4.03,30.402,30.402,1.54,58.11,N/A,684.0,5.58,284.42,503.03,16520000.0,12560000.0,1990000000.0,1550000000.0,0.34,0.34,N/A,N/A,N/A,N/A,0.34,0.34,0.34,0.34,0.15,36.77,36.77,6.72,6.72,6.72,6.72,,,,,,,,,,,N/A,N/A,N/A,N/A,N/A,N/A,N/A,N/A,N/A,N/A,74,82,89,91,5,5,17,50,80,67,92,36,25,90,72,75,22,83,69,25,18,68,1,86,9,69,57,96,89,6,7,N/A,28,91,62,47,15,19,27,32,52,52,N/A,N/A,N/A,N/A,52,52,70,56,4,6,75,67,67,67,67,41,41,41,41,41,41,41,41,41,41,N/A
42,N/A,N/A,ICP,Asset Management,N/A,N/A,N/A,N/A,N/A,2790000000.0,3650000000.0,13.63,6.11,6.11,6.11,194.46,7.98,1.54,43.86,43.05,3.01,14.8,457400000.0,1.61,18.6,414300000.0,200600000.0,200600000.0,70.6,16.5,407400000.0,1.43,1300000000.0,90.87,1.11,4.95,36600000.0,30.402,1.54,18.41,N/A,896.0,452.0,56.47,450.39,1580000.0,1300000.0,290450000.0,280790000.0,0.5,0.5,N/A,N/A,N/A,N/A,0.5,0.5,5.39,0.5,0.05,3.43,63.74,43.86,43.86,43.86,43.86,,,,,,,,,,,N/A,N/A,N/A,N/A,N/A,N/A,N/A,N/A,N/A,N/A,93,91,48,80,16,16,53,7,79,6,7,68,50,82,83,20,85,73,51,45,61,49,45,63,35,53,48,82,86,5,60,N/A,8,30,90,49,73,74,77,74,35,35,N/A,N/A,N/A,N/A,35,35,19,35,31,42,38,6,6,6,6,42,42,42,42,42,42,42,42,42,42,N/A
43,N/A,N/A,IHG,Lodging,N/A,N/A,N/A,N/A,N/A,6510000000.0,9130000000.0,17.03,1.88,1.88,1.88,2.64,2.64,10.34,11.14,24.22,12.97,3460000000.0,3460000000.0,18.89,7.3,1730000000.0,209.2,209.2,209.2,31.9,1.09,1.09,2840000000.0,0.69,0.69,8.1,376880000.0,376880000.0,1.01,27.77,N/A,770.0,161.0,444.85,513.12,1120000.0,849.3,182030000.0,174070000.0,1.26,1.26,N/A,N/A,N/A,N/A,1.26,1.26,1.26,1.26,0.04,1.9,56.3,11.14,11.14,11.14,11.14,,,,,,,,,,,N/A,N/A,N/A,N/A,N/A,N/A,N/A,N/A,N/A,N/A,51,41,36,52,44,44,2,39,36,46,31,5,1,57,17,50,55,79,63,14,43,78,49,46,95,82,29,59,51,34,41,N/A,16,57,38,45,79,79,85,84,14,14,N/A,N/A,N/A,N/A,14,14,61,14,52,74,46,46,46,46,46,43,43,43,43,43,43,43,43,43,43,N/A
44,,,,,,,,,,,,,,,,,,,,,,,,,,,,,,,,,,,,,,,,,,,,,,,,,,,,,,,,,,,,,,,,,,,,,,,,,,,,,,N/A,N/A,N/A,N/A,N/A,N/A,N/A,N/A,N/A,N/A,N/A,N/A,,N/A,N/A,,N/A,N/A,N/A,N/A,N/A,N/A,N/A,N/A,N/A,N/A,N/A,N/A,N/A,N/A,N/A,N/A,N/A,N/A,N/A,N/A,N/A,N/A,N/A,N/A,N/A,N/A,N/A,N/A,N/A,N/A,N/A,N/A,N/A,N/A,N/A,N/A,N/A,N/A,N/A,N/A,N/A,N/A,N/A,N/A,N/A,N/A,N/A,N/A,N/A,N/A,N/A,N/A,N/A,N/A,N/A,N/A,N/A,N/A,N/A,N/A,N/A
45,N/A,N/A,IMB,Tobacco,N/A,N/A,N/A,N/A,N/A,15600000000.0,27570000000.0,15.58,0.96,0.96,0.96,315.41,1.7,7.35,6.23,17.13,5.37,17.97,16200000000.0,17.0,6.5,6240000000.0,3750000000.0,1010000000.0,105.8,62.3,2310000000.0,2.44,13660000000.0,244.63,0.89,5.22,3240000000.0,1320000000.0,0.38,28.57,N/A,352.5,258.2,503.13,723.33,3710000.0,2630000.0,946410000.0,934660000.0,2.88,2.88,N/A,N/A,N/A,N/A,2.88,2.88,17.16,2.07,0.12,6.27,182.87,6.23,6.23,6.23,6.23,,,,,,,,,,,N/A,N/A,N/A,N/A,N/A,N/A,N/A,N/A,N/A,N/A,25,21,41,36,60,60,70,47,50,68,49,44,42,27,21,58,26,17,27,34,29,27,31,18,7,70,45,18,21,81,39,N/A,57,46,33,16,48,54,48,43,2,2,N/A,N/A,N/A,N/A,2,2,2,3,8,14,7,68,68,68,68,45,45,45,45,45,45,45,45,45,45,N/A
46,N/A,N/A,INF,Publishing,N/A,N/A,N/A,N/A,N/A,6190000000.0,8480000000.0,24.99,2.14,2.14,2.14,99.8,2.93,9.06,7.8,20.99,3.5,4.14,2890000000.0,2.31,5.0,1210000000.0,936300000.0,225500000.0,18.0,63.8,195100000.0,0.16,2850000000.0,48.81,0.46,4.51,719600000.0,704510000.0,0.78,43.53,N/A,900.8,326.7,429.12,696.84,6670000.0,8800000.0,1380000000.0,1250000000.0,0.08,0.08,N/A,N/A,N/A,N/A,0.08,0.08,0.08,0.08,0.02,2.94,124.44,7.8,7.8,7.8,7.8,,,,,,,,,,,N/A,N/A,N/A,N/A,N/A,N/A,N/A,N/A,N/A,N/A,55,47,18,55,41,41,30,34,44,60,38,58,85,60,78,66,65,45,46,82,28,56,85,45,63,88,51,44,35,48,21,N/A,7,40,42,21,31,25,33,36,81,81,N/A,N/A,N/A,N/A,81,81,82,81,70,53,10,60,60,60,60,46,46,46,46,46,46,46,46,46,46,N/A
47,N/A,N/A,ITRK,Consulting Services,N/A,N/A,N/A,N/A,N/A,8500000000.0,8500000000.0,25.75,2.68,2.68,2.68,834.99,2.85,13.66,10.48,16.91,11.58,35.23,2990000000.0,18.55,6.3,1670000000.0,622100000.0,313100000.0,192.6,14.8,227400000.0,1.41,1100000000.0,111.93,1.07,5.94,562800000.0,383900000.0,0.58,6.96,N/A,178.0,56.22,742.91,379.33,521.79,304.94,161390000.0,158900000.0,1.06,1.06,N/A,N/A,N/A,N/A,1.06,1.06,2.24,1.06,0.02,1.61,52.65,10.48,10.48,10.48,10.48,,,,,,,,,,,N/A,N/A,N/A,N/A,N/A,N/A,N/A,N/A,N/A,N/A,37,46,16,62,34,34,93,37,23,48,51,9,14,59,18,60,57,54,38,18,64,55,46,68,29,55,39,48,50,66,83,N/A,79,72,14,58,92,92,87,86,18,18,N/A,N/A,N/A,N/A,18,18,48,20,75,82,53,48,48,48,48,47,47,47,47,47,47,47,47,47,47,N/A
48,N/A,N/A,ITV,Broadcasting,N/A,N/A,N/A,N/A,N/A,2870000000.0,3790000000.0,6.04,0.87,0.87,0.87,335.94,1.14,5.35,14.3,18.68,11.07,55.36,3310000000.0,0.83,13.2,749800000.0,11.8,11.8,11.8,11.0,0.06,0.06,1150000000.0,131.43,1.14,0.21,550880000.0,550880000.0,1.41,52.66,N/A,165.9,50.06,77.06,123.62,23270000.0,19360000.0,4030000000.0000005,3950000000.0,0.03,0.03,N/A,N/A,N/A,N/A,0.03,0.03,0.03,0.03,0.04,4.33,67.8,14.3,14.3,14.3,14.3,,,,,,,,,,,N/A,N/A,N/A,N/A,N/A,N/A,N/A,N/A,N/A,N/A,92,89,80,29,68,68,73,57,62,36,44,10,7,58,90,25,76,95,90,88,76,96,93,66,23,51,93,49,41,11,11,N/A,80,75,86,84,11,16,13,14,87,87,N/A,N/A,N/A,N/A,87,87,88,89,54,31,34,36,36,36,36,48,48,48,48,48,48,48,48,48,48,N/A
49,N/A,N/A,JD,Specialty Retail,N/A,N/A,N/A,N/A,N/A,4910000000.0,7100000000.0,19.03,0.88,0.88,0.88,426.93,1.27,10.19,4.61,7.89,7.86,24.86,5590000000.0,5.75,47.4,2240000000.0,696900000.0,258100000.00000003,26.5,3.8,346600000.0,0.36,2470000000.0,200.92,0.94,1.18,621300000.0,299190000.0,1.31,16.05,N/A,890.0,274.7,520.44,730.48,3170000.0,2980000.0,973230000.0,429280000.0,0.02,0.02,N/A,N/A,N/A,N/A,0.02,0.02,0.35,0.02,0.0,0.47,6.45,4.61,4.61,4.61,4.61,,,,,,,,,,,N/A,N/A,N/A,N/A,N/A,N/A,N/A,N/A,N/A,N/A,70,58,32,30,65,65,75,54,37,77,69,30,27,46,54,13,44,52,43,73,88,50,72,50,12,65,86,46,54,15,62,N/A,9,45,30,15,55,49,46,62,91,91,N/A,N/A,N/A,N/A,91,91,69,92,94,92,89,77,77,77,77,49,49,49,49,49,49,49,49,49,49,N/A
50,N/A,N/A,JET,Internet Content &amp; Information,N/A,N/A,N/A,N/A,N/A,4760000000.0,4920000000.0,0.46,0.46,0.46,0.46,0.46,0.46,0.46,27.77,0.0,2.1,18.17,86.4,86.4,86.4,304590000.0,23.84,23.84,23.84,23.84,23.84,23.84,23.84,23.84,0.56,30.402,30.402,30.402,0.46,5.71,N/A,0.0,65.28,609.94,588.9,386.63,277.07,61190000.0,48120000.0,0.0,0.0,N/A,N/A,N/A,N/A,0.0,0.0,0.0,0.0,0.0,0.0,0.0,27.77,27.77,27.77,27.77,,,,,,,,,,,N/A,N/A,N/A,N/A,N/A,N/A,N/A,N/A,N/A,N/A,71,80,91,19,77,77,1,80,95,11,96,74,40,85,3,11,90,92,86,76,58,75,12,95,80,86,2,90,91,74,86,N/A,96,71,18,33,95,95,96,96,95,95,N/A,N/A,N/A,N/A,95,95,95,95,95,95,96,11,11,11,11,50,50,50,50,50,50,50,50,50,50,N/A
51,N/A,N/A,JMAT,Specialty Chemicals,N/A,N/A,N/A,N/A,N/A,3820000000.0,5140000000.0,9.85,0.3,0.3,0.3,139.0,0.41,7.23,3.06,4.37,5.96,14.56,12600000000.0,65.53,37.3,1020000000.0,200.2,200.2,200.2,13.7,0.59,0.59,1620000000.0,59.25,1.53,14.19,225500000.0,225500000.0,1.42,42.59,N/A,460.0,614.0,27.99,693.57,956.28,718.31,193530000.0,188080000.0,0.87,0.87,N/A,N/A,N/A,N/A,0.87,0.87,4.59,0.87,0.05,2.55,42.69,3.06,3.06,3.06,3.06,,,,,,,,,,,N/A,N/A,N/A,N/A,N/A,N/A,N/A,N/A,N/A,N/A,85,77,62,10,86,86,42,85,52,85,78,39,52,35,4,15,72,80,64,15,68,80,64,60,54,34,13,71,61,10,26,N/A,48,19,95,22,83,83,84,81,27,27,N/A,N/A,N/A,N/A,27,27,23,27,34,61,69,85,85,85,85,51,51,51,51,51,51,51,51,51,51,N/A
52,N/A,N/A,LAND,REIT\xe2\x80\x94Diversified,N/A,N/A,N/A,N/A,N/A,4750000000.0,8539999999.999999,6.35,6.35,6.35,6.35,49.34,11.42,16.92,41.18,66.98,2.23,3.1,1.01,1.01,2.4,41.6,41.6,41.6,41.6,3800000000.0,3800000000.0,3800000000.0,3800000000.0,39.62,0.41,12.98,234750000.0,234750000.0,1.21,29.7,N/A,19.5,473.27,658.55,871.29,3340000.0,3360000.0,741470000.0,736230000.0,0.46,0.46,N/A,N/A,N/A,N/A,0.46,0.46,0.46,0.46,0.08,4.16,41.18,41.18,41.18,41.18,41.18,,,,,,,,,,,N/A,N/A,N/A,N/A,N/A,N/A,N/A,N/A,N/A,N/A,72,45,79,82,14,14,13,5,17,7,2,73,89,93,89,81,93,87,80,62,5,20,0,41,69,92,16,68,60,20,37,N/A,95,26,17,7,51,46,57,53,40,40,N/A,N/A,N/A,N/A,40,40,67,41,17,33,70,7,7,7,7,52,52,52,52,52,52,52,52,52,52,N/A
53,N/A,N/A,LGEN,Insurance\xe2\x80\x94Life,N/A,N/A,N/A,N/A,N/A,12250000000.0,3710000000.0,6.69,0.62,0.62,0.62,130.16,0.19,1.51,9.28,12.23,0.29,19.77,19770000000.0,3.33,24.0,3460000000.0,2450000000.0,1810000000.0,30.7,9.1,13920000000.0,2.35,5390000000.0,57.17,1.49,1.58,3280000000.0,1840000000.0,1.23,29.46,N/A,324.7,117.3,200.61,266.2,25850000.0,21970000.0,5970000000.0,5770000000.0,0.18,0.18,N/A,N/A,N/A,N/A,0.18,0.18,9.04,0.18,0.09,5.75,55.17,9.28,9.28,9.28,9.28,,,,,,,,,,,N/A,N/A,N/A,N/A,N/A,N/A,N/A,N/A,N/A,N/A,32,90,75,24,72,72,38,92,82,56,58,91,35,21,71,16,36,23,17,66,80,9,33,31,56,38,81,17,12,17,38,N/A,63,62,73,67,9,13,8,8,67,67,N/A,N/A,N/A,N/A,67,67,8,68,12,18,48,56,56,56,56,53,53,53,53,53,53,53,53,53,53,N/A
54,N/A,N/A,LLOY,Banks\xe2\x80\x94Regional,N/A,N/A,N/A,N/A,N/A,21450000000.0,28700000000.0,8.96,1.25,1.25,1.25,44.19,1.67,1.12,17.04,26.75,0.37,6.13,17170000000.000002,0.24,5.9,16980000000.0,2460000000.0,2460000000.0,3.4,40.4,170290000000.0,2.45,177600000000.0,0.69,0.69,0.69,10170000000.0,30.402,1.12,55.33,N/A,73.66,27.7,36.02,53.12,293310000.0,226060000.0,70430000000.0,66750000000.0,0.01,0.01,N/A,N/A,N/A,N/A,0.01,0.01,0.01,0.01,0.04,4.15,95.88,17.04,17.04,17.04,17.04,,,,,,,,,,,N/A,N/A,N/A,N/A,N/A,N/A,N/A,N/A,N/A,N/A,17,19,65,40,56,56,9,48,88,24,22,89,79,24,96,62,9,22,12,93,39,4,30,3,94,83,91,4,87,25,9,N/A,91,79,94,91,0,3,0,0,94,94,N/A,N/A,N/A,N/A,94,94,93,93,53,34,16,24,24,24,24,54,54,54,54,54,54,54,54,54,54,N/A
55,N/A,N/A,LSE,Financial Data &amp; Stock Exchanges,N/A,N/A,N/A,N/A,N/A,26300000000.0,27290000000.0,63.35,11.36,11.36,11.36,756.29,11.79,24.39,18.02,39.84,0.07,12.4,2310000000.0,6.63,9.2,2100000000.0,1120000000.0,118.1,118.1,26.9,1490000000.0,4.28,2310000000.0,60.69,1.0,9.89,772120000.0,772120000.0,0.56,50.73,N/A,628.0,75.15,54.06,332.27,967.88,494.75,351450000.0,310830000.0,1.37,1.37,N/A,N/A,N/A,N/A,1.37,1.37,1.37,0.7,0.01,1.1,53.6,18.02,18.02,18.02,18.02,,,,,,,,,,,N/A,N/A,N/A,N/A,N/A,N/A,N/A,N/A,N/A,N/A,15,22,4,85,11,11,89,4,5,23,9,96,55,65,50,36,49,40,71,31,52,34,23,54,51,62,22,41,32,68,13,N/A,36,67,91,62,82,90,73,73,13,13,N/A,N/A,N/A,N/A,13,13,59,31,93,91,50,23,23,23,23,55,55,55,55,55,55,55,55,55,55,N/A
56,N/A,N/A,MGGT,Aerospace &amp; Defense,N/A,N/A,N/A,N/A,N/A,2140000000.0000002,3040000000.0,9.74,0.94,0.94,0.94,86.92,1.34,6.15,9.78,16.01,4.74,8.99,2280000000.0,2.94,6.8,797600000.0,222600000.0,222600000.0,28.3,87.4,157100000.0,0.2,1070000000.0000001,43.41,1.25,3.17,366900000.0,299410000.0,0.94,51.99,N/A,701.8,196.15,341.61,569.56,4780000.0,6080000.0,777570000.0,771810000.0,0.06,0.06,N/A,N/A,N/A,N/A,0.06,0.06,0.06,0.06,0.02,3.19,59.72,9.78,9.78,9.78,9.78,,,,,,,,,,,N/A,N/A,N/A,N/A,N/A,N/A,N/A,N/A,N/A,N/A,96,92,63,34,62,62,26,52,59,53,52,46,66,66,73,53,75,71,48,69,24,58,80,69,66,46,65,60,53,37,12,N/A,26,54,53,37,41,31,55,51,85,85,N/A,N/A,N/A,N/A,85,85,86,85,81,46,41,53,53,53,53,56,56,56,56,56,56,56,56,56,56,N/A
57,N/A,N/A,MNDI,Paper &amp; Paper Products,N/A,N/A,N/A,N/A,N/A,6510000000.0,6500000000.0,8.29,174.97,174.97,174.97,174.97,0.83,0.83,11.17,0.0,8.63,20.61,6.8,6.8,6.8,3270000000.0,161.8,161.8,161.8,26.4,51.9,51.9,51.9,51.9,1.05,7.67,30.402,30.402,0.83,22.32,N/A,519.21,156.5,369.62,580.61,2450000.0,1830000.0,485550000.0,480200000.0,0.75,0.75,N/A,N/A,N/A,N/A,0.75,0.75,0.75,0.75,0.06,2.97,48.75,11.17,11.17,11.17,11.17,,,,,,,,,,,N/A,N/A,N/A,N/A,N/A,N/A,N/A,N/A,N/A,N/A,52,64,68,93,3,3,49,69,91,45,93,23,33,87,46,54,38,82,68,24,53,74,8,92,59,57,30,92,80,44,53,N/A,44,59,51,34,63,66,64,59,30,30,N/A,N/A,N/A,N/A,30,30,65,30,25,51,61,45,45,45,45,57,57,57,57,57,57,57,57,57,57,N/A
58,N/A,N/A,MNG,Asset Management,N/A,N/A,N/A,N/A,N/A,3390000000.0,5190000000.0,3.03,0.1,0.1,0.1,65.88,0.16,1.27,3.38,12.1,1.13,15.14,33159999999.999996,12.77,6660000000.0,6660000000.0,4099999999.9999995,1060000000.0,43.0,6050000000.0,6050000000.0,2.34,7860000000.0,153.17,5.02,1.98,8960000000.0,8960000000.0,40.14,40.14,N/A,395.0,86.4,142.74,209.02,15610000.0,15630000.0,2600000000.0,2570000000.0,0.24,0.24,N/A,N/A,N/A,N/A,0.24,0.24,16.33,0.12,0.09,0.0,0.0,3.38,3.38,3.38,3.38,,,,,,,,,,,N/A,N/A,N/A,N/A,N/A,N/A,N/A,N/A,N/A,N/A,91,76,88,2,94,94,19,93,86,84,59,82,46,10,28,2,24,14,25,60,3,14,35,24,18,3,76,5,3,0,28,N/A,54,66,77,75,16,17,20,21,59,59,N/A,N/A,N/A,N/A,59,59,3,75,13,94,95,84,84,84,84,58,58,58,58,58,58,58,58,58,58,N/A
59,N/A,N/A,MRO,Specialty Industrial Machinery,N/A,N/A,N/A,N/A,N/A,4430000000.0,7890000000.0,0.4,0.4,0.4,0.4,58.83,0.72,5.99,0.55,4.14,1.5,0.7,10970000000.0,2.26,0.7,2230000000.0,1320000000.0,1.3,1.3,0.06,0.06,0.06,4200000000.0,55.56,1.13,1.55,991750000.0,991750000.0,2.41,58.31,N/A,309.4,72.0,123.69,202.34,23630000.0,24320000.0,4860000000.0,4770000000.0,0.02,0.02,N/A,N/A,N/A,N/A,0.02,0.02,0.02,0.02,0.02,2.9,527.78,0.55,0.55,0.55,0.55,,,,,,,,,,,N/A,N/A,N/A,N/A,N/A,N/A,N/A,N/A,N/A,N/A,80,51,92,18,78,78,18,73,60,93,81,80,96,38,79,92,45,39,96,96,96,95,92,36,57,52,82,37,25,1,6,N/A,64,69,80,77,10,10,11,12,92,92,N/A,N/A,N/A,N/A,92,92,92,90,85,55,2,93,93,93,93,59,59,59,59,59,59,59,59,59,59,N/A
60,N/A,N/A,MRW,Grocery Stores,N/A,N/A,N/A,N/A,N/A,4470000000.0,6900000000.0,12.91,0.25,0.25,0.25,97.89,0.39,6.92,1.98,3.03,3.19,7.59,17540000000.0,7.36,2.6,14.4,14.4,14.4,14.4,28.0,0.13,0.13,2760000000.0,60.87,0.39,1.9,30.402,30.402,0.24,16.03,N/A,225.0,157.55,180.04,190.51,13920000.0,11030000.0,2410000000.0,2350000000.0,0.07,0.07,N/A,N/A,N/A,N/A,0.07,0.07,3.74,0.07,0.04,3.62,46.26,1.98,1.98,1.98,1.98,,,,,,,,,,,N/A,N/A,N/A,N/A,N/A,N/A,N/A,N/A,N/A,N/A,78,60,49,8,89,89,29,87,54,87,82,66,76,23,42,77,96,94,89,87,50,91,87,47,49,93,77,88,83,89,63,N/A,73,58,74,80,17,21,21,24,84,84,N/A,N/A,N/A,N/A,84,84,33,84,37,40,66,87,87,87,87,60,60,60,60,60,60,60,60,60,60,N/A
61,N/A,N/A,NG,Utilities\xe2\x80\x94Diversified,N/A,N/A,N/A,N/A,N/A,31720000000.0,60210000000.0,21.03,2.13,2.13,2.13,163.27,4.05,12.08,9.9,22.68,3.32,7.62,14870000000.0,4.35,0.9,11830000000.0,4980000000.0,1460000000.0,43.0,8.8,3620000000.0,1.05,32790000000.0,172.43,0.7,5.54,4380000000.0,1310000000.0,0.17,10.44,N/A,73.8,8.9,918.41,936.17,12210000.0,6790000.0,3510000000.0,3420000000.0,0.48,0.48,N/A,N/A,N/A,N/A,0.48,0.48,5.33,0.48,0.05,4.99,110.87,9.9,9.9,9.9,9.9,,,,,,,,,,,N/A,N/A,N/A,N/A,N/A,N/A,N/A,N/A,N/A,N/A,12,12,26,54,42,42,45,24,27,52,35,64,75,30,66,91,16,10,22,61,81,21,51,9,15,81,42,14,22,95,72,N/A,90,86,2,3,21,30,15,16,37,37,N/A,N/A,N/A,N/A,37,37,20,37,28,23,13,52,52,52,52,61,61,61,61,61,61,61,61,61,61,N/A
62,N/A,N/A,NXT,Apparel Retail,N/A,N/A,N/A,N/A,N/A,5900000000.0,8080000000.0,9.46,1.38,1.38,1.38,283.65,1.89,8.28,14.3,20.06,14.43,151.1,4269999999.9999995,33.02,2.1,1680000000.0,610200000.0,610200000.0,468.8,0.4,86600000.0,0.68,2500000000.0,565.39,2.06,3.45,927200000.0,572200000.0,1.03,25.93,N/A,358.0,311.0,553.11,235.33,724.7,648.1,132949999.99999999,120980000.0,1.68,1.68,N/A,N/A,N/A,N/A,1.68,1.68,3.92,1.74,0.04,2.94,35.73,14.3,14.3,14.3,14.3,,,,,,,,,,,N/A,N/A,N/A,N/A,N/A,N/A,N/A,N/A,N/A,N/A,58,50,64,42,54,54,65,45,47,35,40,3,4,53,8,82,56,55,32,2,93,60,61,49,0,21,63,38,39,32,44,N/A,56,42,27,73,85,86,90,91,8,8,N/A,N/A,N/A,N/A,8,8,30,9,50,54,77,35,35,35,35,62,62,62,62,62,62,62,62,62,62,N/A
63,N/A,N/A,OCDO,Grocery Stores,N/A,N/A,N/A,N/A,N/A,11190000000.0,10820000000.0,6.37,6.37,6.37,6.37,44.61,6.16,268.52,12.13,5.18,3.12,26.23,1760000000.0,2.42,8.8,597300000.0,40300000.0,213100000.0,29.4,753400000.0,753400000.0,1.08,608200000.0,57.47,2.2,1.5,51700000.0,165390000.0,0.76,14.4,N/A,655.5,994.01,273.77,255.04,2800000.0,2660000.0,713490000.0,444300000.0,0.0,0.0,N/A,N/A,N/A,N/A,0.0,0.0,0.0,0.0,0.0,0.0,0.0,12.13,12.13,12.13,12.13,,,,,,,,,,,N/A,N/A,N/A,N/A,N/A,N/A,N/A,N/A,N/A,N/A,33,37,78,83,13,13,10,12,0,42,76,67,23,76,77,42,80,75,49,68,14,43,50,73,55,18,83,81,63,50,65,N/A,30,1,63,68,58,52,60,61,96,96,N/A,N/A,N/A,N/A,96,96,96,96,96,96,94,42,42,42,42,63,63,63,63,63,63,63,63,63,63,N/A
64,N/A,N/A,PHNX,Insurance\xe2\x80\x94Life,N/A,N/A,N/A,N/A,N/A,3980000000.0,1870000000.0,64.19,0.14,0.14,0.14,75.33,0.06,2.48,0.29,2.5,0.19,2.01,29110000000.0,40.44,2570000000.0,2570000000.0,8.6,8.6,8.6,88.1,4720000000.0,6.55,2350000000.0,41.94,0.18,7.33,8670000000.0,8670000000.0,0.84,23.72,N/A,806.0,459.05,599.87,702.07,2130000.0,1740000.0,721520000.0,715280000.0,0.47,0.47,N/A,N/A,N/A,N/A,0.47,0.47,8.59,0.47,0.09,6.45,544.19,0.29,0.29,0.29,0.29,,,,,,,,,,,N/A,N/A,N/A,N/A,N/A,N/A,N/A,N/A,N/A,N/A,83,96,3,3,93,93,23,96,77,94,85,95,94,12,6,4,40,96,93,92,23,17,20,52,67,96,34,7,5,42,48,N/A,12,28,20,20,69,70,59,54,38,38,N/A,N/A,N/A,N/A,38,38,9,38,14,13,1,94,94,94,94,64,64,64,64,64,64,64,64,64,64,N/A
65,N/A,N/A,PNN,Utilities\xe2\x80\x94Regulated Water,N/A,N/A,N/A,N/A,N/A,4580000000.0,8109999999.999999,19.62,3.19,3.19,3.19,284.18,5.66,14.91,16.75,24.2,3.42,14.97,1430000000.0,3.42,4.6,1370000000.0,544200000.0,233400000.0,55.4,15.1,319100000.0,0.76,3860000000.0,240.1,2.31,3.83,88360000.0,88360000.0,0.2,48.74,N/A,589.5,693.4,70.65,10.61,1690000.0,1190000.0,421030000.0,419320000.0,0.42,0.42,N/A,N/A,N/A,N/A,0.42,0.42,3.76,0.42,0.04,4.44,74.12,16.75,16.75,16.75,16.75,,,,,,,,,,,N/A,N/A,N/A,N/A,N/A,N/A,N/A,N/A,N/A,N/A,75,49,30,65,30,30,66,16,20,26,32,59,47,77,69,69,63,59,44,53,63,53,58,40,8,16,60,80,77,92,15,N/A,37,14,88,96,71,76,68,63,46,46,N/A,N/A,N/A,N/A,46,46,32,48,48,29,28,26,26,26,26,65,65,65,65,65,65,65,65,65,65,N/A
66,N/A,N/A,POLY,Other Precious Metals &amp; Mining,N/A,N/A,N/A,N/A,N/A,7150000000.0,8680000000.0,15.06,3.19,3.19,3.19,370.98,3.86,8.16,21.37,36.15,12.56,28.85,2250000000.0,4.78,1180000000.0,1180000000.0,1060000000.0,101.0,101.0,0.55,0.55,0.55,1760000000.0,90.42,2.76,4.1,116620000.0,116620000.0,0.32,86.31,N/A,650.0,763.8,314.43,237.35,2290000.0,1750000.0,470380000.0,263570000.0,0.66,0.66,N/A,N/A,N/A,N/A,0.66,0.66,4.25,0.62,0.04,2.96,49.56,21.37,21.37,21.37,21.37,,,,,,,,,,,N/A,N/A,N/A,N/A,N/A,N/A,N/A,N/A,N/A,N/A,44,43,44,66,31,31,74,26,49,17,13,7,18,67,62,7,66,42,72,36,92,82,66,58,36,10,56,77,75,83,0,N/A,31,10,56,71,65,69,66,75,33,33,N/A,N/A,N/A,N/A,33,33,25,34,47,52,57,17,17,17,17,66,66,66,66,66,66,66,66,66,66,N/A
67,N/A,N/A,PRU,Insurance\xe2\x80\x94Life,N/A,N/A,N/A,N/A,N/A,27180000000.0,33900000000.0,34.5,0.29,0.29,0.29,138.71,0.36,12.29,0.83,2.72,0.28,9.18,93740000000.0,36.23,115.3,7770000000.0,2760000000.0,1940000000.0,30.2,8400000000.0,8400000000.0,3.24,17140000000.0,87.14,0.92,7.51,5450000000.0,19530000000.0,1.11,45.89,N/A,795.0,12.37,9.66,306.45,10140000.0,5900000.0,2610000000.0,2570000000.0,0.38,0.38,N/A,N/A,N/A,N/A,0.38,0.38,3.92,0.46,0.05,2.83,85.18,0.83,0.83,0.83,0.83,,,,,,,,,,,N/A,N/A,N/A,N/A,N/A,N/A,N/A,N/A,N/A,N/A,14,17,9,9,87,87,41,89,26,92,84,92,64,3,7,8,21,20,14,67,2,11,26,13,40,68,32,12,0,29,17,N/A,14,84,96,64,25,32,19,22,49,49,N/A,N/A,N/A,N/A,49,49,31,40,26,58,22,92,92,92,92,67,67,67,67,67,67,67,67,67,67,N/A
68,N/A,N/A,PSN,Residential Construction,N/A,N/A,N/A,N/A,N/A,6370000000.0,5530000000.0,7.5,1.75,1.75,1.75,195.42,1.52,5.3,23.26,28.23,14.09,26.31,3650000000.0,11.47,0.3,1130000000.0,1040000000.0,848800000.0,266.3,6.4,843900000.0,2.65,8900000.0,0.27,4.08,10.22,442820000.0,442820000.0,1.09,19.41,N/A,328.0,367.5,76.94,510.45,2150000.0,1900000.0,318930000.0,313260000.0,88.25,88.25,N/A,N/A,N/A,N/A,88.25,88.25,88.25,88.25,88.25,88.25,88.25,23.26,23.26,23.26,23.26,,,,,,,,,,,N/A,N/A,N/A,N/A,N/A,N/A,N/A,N/A,N/A,N/A,54,74,70,47,49,49,54,51,63,13,19,4,22,56,31,95,68,43,29,8,84,41,29,85,96,5,21,51,44,30,59,N/A,62,37,87,46,68,64,75,71,0,0,N/A,N/A,N/A,N/A,0,0,0,0,0,2,21,13,13,13,13,68,68,68,68,68,68,68,68,68,68,N/A
69,N/A,N/A,PSON,Publishing,N/A,N/A,N/A,N/A,N/A,3670000000.0,5060000000.0,14.35,0.95,0.95,0.95,88.12,1.31,9.73,6.82,9.69,3.01,6.01,3870000000.0,4.98,9.9,2009999999.9999998,34.0,34.0,34.0,45.8,0.58,0.58,1700000000.0,39.39,2.13,5.54,244500000.0,244500000.0,0.4,43.19,N/A,951.2,6.87,522.68,611.28,4220000.0,2480000.0,752400000.0,771040000.0,0.2,0.2,N/A,N/A,N/A,N/A,0.2,0.2,4.07,0.19,0.04,4.6,55.88,6.82,6.82,6.82,6.82,,,,,,,,,,,N/A,N/A,N/A,N/A,N/A,N/A,N/A,N/A,N/A,N/A,88,78,46,35,61,61,27,53,39,65,64,69,80,54,60,34,51,88,81,64,34,81,65,59,70,19,43,66,59,80,24,N/A,2,88,29,30,44,56,56,52,65,65,N/A,N/A,N/A,N/A,65,65,28,66,36,26,47,65,65,65,65,69,69,69,69,69,69,69,69,69,69,N/A
70,N/A,N/A,RB,Household &amp; Personal Products,N/A,N/A,N/A,N/A,N/A,44360000000.0,55140000000.0,3.45,3.45,3.45,3.45,473.62,4.29,14.65,28.67,26.19,6.0,22.93,12850000000.0,18.13,7780000000.0,7780000000.0,3760000000.0,2780000000.0,519.7,1550000000.0,1550000000.0,2.18,12300000000.0,130.8,0.56,13.19,1410000000.0,1770000000.0,0.19,8.05,N/A,191.3,130.0,953.26,63.17,2110000.0,1250000.0,709920000.0,702990000.0,2.03,2.03,N/A,N/A,N/A,N/A,2.03,2.03,3.24,1.75,0.03,2.4,28.67,28.67,28.67,28.67,28.67,,,,,,,,,,,N/A,N/A,N/A,N/A,N/A,N/A,N/A,N/A,N/A,N/A,10,13,87,69,27,27,81,22,21,9,23,38,30,34,19,1,20,16,10,0,10,33,39,19,24,87,15,32,13,93,78,N/A,78,61,1,89,70,75,61,55,5,5,N/A,N/A,N/A,N/A,5,5,36,8,58,62,82,9,9,9,9,70,70,70,70,70,70,70,70,70,70,N/A
71,N/A,N/A,RBS,Banks\xe2\x80\x94Diversified,N/A,N/A,N/A,N/A,N/A,12840000000.0,75220000000.0,4.1,1.03,1.03,1.03,29.46,6.02,1.53,28.31,25.75,0.54,8.44,12500000000.0,1.04,12.4,12500000000.0,3130000000.0,3130000000.0,25.9,222.4,296820000000.0,24.57,208260000000.0,3.61,3.61,3.61,8630000000.0,30.402,1.53,59.53,N/A,265.0,2.23,128.72,200.35,27810000.0,20630000.0,12090000000.0,4460000000.0,0.02,0.02,N/A,N/A,N/A,N/A,0.02,0.02,0.02,0.02,0.02,21.24,21.24,28.31,28.31,28.31,28.31,,,,,,,,,,,N/A,N/A,N/A,N/A,N/A,N/A,N/A,N/A,N/A,N/A,29,10,84,38,59,59,6,14,81,10,29,86,69,36,88,27,15,19,8,74,17,2,11,2,91,8,61,8,88,7,5,N/A,68,95,79,78,8,14,6,13,90,90,N/A,N/A,N/A,N/A,90,90,91,91,82,8,86,10,10,10,10,71,71,71,71,71,71,71,71,71,71,N/A
72,N/A,N/A,RDSA,Oil &amp; Gas Integrated,N/A,N/A,N/A,N/A,N/A,106080000000.0,189480000000.0,7.03,0.31,0.31,0.31,57.66,0.55,3.89,4.59,6.83,3.66,8.36,344880000000.0,42.8,17.8,65459999999.99999,48680000000.0,15840000000.0,195.0,82.8,18060000000.0,2.31,96420000000.0,50.63,1.16,23.76,42180000000.0,11670000000.0,0.97,44.45,N/A,637.5,3.05,385.94,993.76,20100000.0,4110000000.0000005,4110000000.0000005,7640000000.0,1.46,1.46,N/A,N/A,N/A,N/A,1.46,1.46,11.22,1.88,0.14,6.63,95.85,4.59,4.59,4.59,4.59,,,,,,,,,,,N/A,N/A,N/A,N/A,N/A,N/A,N/A,N/A,N/A,N/A,2,0,73,11,85,85,16,79,68,78,73,55,70,0,5,21,0,0,0,17,25,7,36,5,62,48,7,0,2,36,19,N/A,33,94,47,0,13,0,12,7,9,9,N/A,N/A,N/A,N/A,9,9,5,7,6,11,17,78,78,78,78,72,72,72,72,72,72,72,72,72,72,N/A
73,N/A,N/A,REL,Publishing,N/A,N/A,N/A,N/A,N/A,35520000000.0,41830000000.0,23.91,4.51,4.51,4.51,640.5,5.31,17.44,19.11,26.0,9.21,66.34,7870000000.0,4.05,3.8,5120000000.0,2400000000.0,1500000000.0,76.9,2.4,0.07,0.07,6420000000.0,293.11,0.41,1.12,2089999999.9999998,1370000000.0,0.25,5.17,N/A,109.0,382.86,704.71,861.15,5940000.0,4470000.0,1930000000.0,1920000000.0,0.46,0.46,N/A,N/A,N/A,N/A,0.46,0.46,2.55,0.46,0.03,2.3,56.31,19.11,19.11,19.11,19.11,,,,,,,,,,,N/A,N/A,N/A,N/A,N/A,N/A,N/A,N/A,N/A,N/A,11,15,21,75,21,21,85,17,16,19,26,19,5,41,67,71,28,24,20,43,91,94,91,27,4,91,88,22,20,87,90,N/A,83,35,15,9,36,39,28,27,41,41,N/A,N/A,N/A,N/A,41,41,44,42,56,65,45,19,19,19,19,73,73,73,73,73,73,73,73,73,73,N/A
74,N/A,N/A,RIO,Other Industrial Metals &amp; Mining,N/A,N/A,N/A,N/A,N/A,63770000000.0,69990000000.0,7.82,1.48,1.48,1.48,152.48,1.62,3.73,18.56,31.14,9.4,14.67,43160000000.0,26.48,8.9,16200000000.0,18760000000.0,8010000000.0,487.8,58.1,10640000000.0,6.57,14120000000.0,31.2,1.55,25.03,14910000000.0,8830000000.0,0.66,19.7,N/A,39.0,954.0,580.35,82.12,4430000.0,3350000.0,1250000000.0,1430000000.0,3.01,3.01,N/A,N/A,N/A,N/A,3.01,3.01,8.14,3.98,0.11,5.49,67.92,18.56,18.56,18.56,18.56,,,,,,,,,,,N/A,N/A,N/A,N/A,N/A,N/A,N/A,N/A,N/A,N/A,8,11,69,44,52,52,43,49,70,22,17,18,51,8,13,40,10,3,2,1,32,10,19,16,74,33,4,3,4,61,58,N/A,92,2,23,87,43,47,37,33,1,1,N/A,N/A,N/A,N/A,1,1,10,1,9,19,33,22,22,22,22,74,74,74,74,74,74,74,74,74,74,N/A
75,N/A,N/A,RMV,Internet Content &amp; Information,N/A,N/A,N/A,N/A,N/A,4210000000.0,4200000000.0,24.73,14.55,14.55,14.55,261.7,14.5,19.48,59.83,73.98,165.3,641.97,289320000.0,0.33,6.4,289320000.0,215430000.0,173090000.0,19.5,5.5,36260000.0,0.04,12210000.0,29.53,1.43,0.05,184220000.0,143930000.0,0.7,11.98,N/A,710.6,373.1,508.7,596.44,3220000.0,2520000.0,873100000.0,866150000.0,0.03,0.03,N/A,N/A,N/A,N/A,0.03,0.03,0.03,0.03,0.01,1.14,34.89,59.83,59.83,59.83,59.83,,,,,,,,,,,N/A,N/A,N/A,N/A,N/A,N/A,N/A,N/A,N/A,N/A,81,86,19,88,8,8,63,1,11,3,0,0,2,84,95,59,91,72,54,81,86,64,94,84,75,41,96,76,71,56,70,N/A,23,36,32,32,53,55,52,49,89,89,N/A,N/A,N/A,N/A,89,89,89,88,90,90,78,3,3,3,3,75,75,75,75,75,75,75,75,75,75,N/A
76,N/A,N/A,RR,Aerospace &amp; Defense,N/A,N/A,N/A,N/A,N/A,6460000000.0,7650000000.0,0.39,0.39,0.39,0.39,0.46,0.46,36.8,7.93,4.8,1.55,16590000000.0,16590000000.0,8.71,5.6,1320000000.0,1320000000.0,1320000000.0,69.1,4510000000.0,4510000000.0,2.35,5730000000.0,1.07,1.07,1.76,2300000000.0,620120000.0,1.12,65.95,N/A,945.6,249.0,410.77,628.2,12470000.0,12350000.0,1930000000.0,1880000000.0,0.12,0.12,N/A,N/A,N/A,N/A,0.12,0.12,0.12,0.12,0.04,1.8,7.93,7.93,7.93,7.93,7.93,,,,,,,,,,,N/A,N/A,N/A,N/A,N/A,N/A,N/A,N/A,N/A,N/A,53,52,93,17,79,79,0,81,2,59,77,79,0,25,39,63,64,38,23,47,4,18,34,29,93,54,79,21,38,26,3,N/A,3,47,46,27,20,20,29,28,74,74,N/A,N/A,N/A,N/A,74,74,80,74,46,77,87,59,59,59,59,76,76,76,76,76,76,76,76,76,76,N/A
77,N/A,N/A,RSA,Insurance\xe2\x80\x94Property &amp; Casualty,N/A,N/A,N/A,N/A,N/A,3710000000.0,4250000000.0,11.04,0.54,0.54,0.54,91.51,0.62,6.59,5.21,8.85,1.89,8.91,6890000000.0,6.69,2.6,32.5,32.5,32.5,32.5,65.8,0.9,0.9,1180000000.0,27.11,1.34,3.92,740750000.0,740750000.0,0.74,34.21,N/A,736.84,321.2,416.28,514.14,4200000.0,5590000.0,1030000000.0,889740000.0,0.08,0.08,N/A,N/A,N/A,N/A,0.08,0.08,0.08,0.08,0.02,2.68,65.23,5.21,5.21,5.21,5.21,,,,,,,,,,,N/A,N/A,N/A,N/A,N/A,N/A,N/A,N/A,N/A,N/A,87,85,57,21,75,75,28,77,57,73,66,77,68,43,48,78,94,89,82,65,27,79,55,65,77,43,59,43,33,51,33,N/A,20,41,44,44,45,34,43,47,78,78,N/A,N/A,N/A,N/A,78,78,83,79,72,59,36,73,73,73,73,77,77,77,77,77,77,77,77,77,77,N/A
78,N/A,N/A,RTO,Specialty Business Services,N/A,N/A,N/A,N/A,N/A,8070000000.0,9070000000.0,28.64,2.97,2.97,2.97,800.37,3.34,18.28,10.45,10.82,5.67,30.93,2710000000.0,1.47,9.2,2150000000.0,496100000.0,283800000.0,15.2,311400000.0,311400000.0,0.17,1360000000.0,135.75,1.01,0.54,462900000.0,312860000.0,0.48,9.26,N/A,535.2,247.7,414.57,448.06,7220000.0,5400000.0,1850000000.0,1820000000.0,0.05,0.05,N/A,N/A,N/A,N/A,0.05,0.05,0.05,0.05,0.01,1.32,30.64,10.45,10.45,10.45,10.45,,,,,,,,,,,N/A,N/A,N/A,N/A,N/A,N/A,N/A,N/A,N/A,N/A,39,42,11,63,33,33,91,29,12,49,60,43,17,62,84,37,47,60,41,86,15,54,83,62,21,58,92,50,52,72,73,N/A,42,48,45,50,29,35,30,29,86,86,N/A,N/A,N/A,N/A,86,86,87,86,87,88,80,49,49,49,49,78,78,78,78,78,78,78,78,78,78,N/A
79,N/A,N/A,SBRY,Grocery Stores,N/A,N/A,N/A,N/A,N/A,4470000000.0,10720000000.0,111.83,0.15,0.15,0.15,56.2,0.37,10.55,0.2,1.18,0.83,0.74,28980000000.0,13.15,0.2,2009999999.9999998,1020000000.0,1.8,1.8,1010000000.0,1010000000.0,0.46,7350000000.0,92.93,0.64,3.58,1410000000.0,1410000000.0,0.77,11.59,N/A,236.7,171.19,202.24,211.1,12540000.0,13670000.0,2220000000.0,1690000000.0,0.11,0.11,N/A,N/A,N/A,N/A,0.11,0.11,5.64,0.11,0.06,4.53,647.06,0.2,0.2,0.2,0.2,,,,,,,,,,,N/A,N/A,N/A,N/A,N/A,N/A,N/A,N/A,N/A,N/A,77,39,0,4,92,92,15,88,35,95,86,83,95,13,27,96,52,44,95,95,13,40,70,25,33,85,62,33,18,49,71,N/A,72,55,72,74,19,18,25,30,75,75,N/A,N/A,N/A,N/A,75,75,18,76,22,28,0,95,95,95,95,79,79,79,79,79,79,79,79,79,79,N/A
80,N/A,N/A,SDR,Asset Management,N/A,N/A,N/A,N/A,N/A,8359999999.999999,2700000000.0,14.54,3.21,3.21,3.21,186.74,1.04,3.64,19.02,26.1,2.08,13.27,2610000000.0,9.44,2.6,2120000000.0,741500000.0,495700000.0,175.8,13.5,4800000000.0,17.51,425300000.0,11.05,1.5,13.69,421540000.0,421540000.0,1.13,19.99,N/A,465.0,711.0,498.6,45.17,594.27,495.67,282500000.0,129720000.0,1.14,1.14,N/A,N/A,N/A,N/A,1.14,1.14,4.6,1.14,0.05,3.33,64.85,19.02,19.02,19.02,19.02,,,,,,,,,,,N/A,N/A,N/A,N/A,N/A,N/A,N/A,N/A,N/A,N/A,38,93,45,67,29,29,50,59,72,20,25,75,54,63,36,79,48,49,34,22,70,16,13,77,84,37,14,55,47,24,55,N/A,47,12,34,92,90,89,78,88,16,16,N/A,N/A,N/A,N/A,16,16,22,17,30,45,37,20,20,20,20,80,80,80,80,80,80,80,80,80,80,N/A
81,N/A,N/A,SGE,Software\xe2\x80\x94Application,N/A,N/A,N/A,N/A,N/A,6890000000.0,7270000000.0,26.0,3.56,3.56,3.56,457.49,3.76,15.06,13.74,22.99,8.34,18.79,1940000000.0,1.78,3.4,1800000000.0,24.3,24.3,24.3,30.0,0.34,0.34,50.86,50.86,0.71,1.38,30.402,30.402,0.64,13.26,N/A,826.0,7.32,607.58,703.58,3990000.0,2990000.0,1090000000.0,1090000000.0,0.17,0.17,N/A,N/A,N/A,N/A,0.17,0.17,2.75,0.17,0.03,2.26,68.51,13.74,13.74,13.74,13.74,,,,,,,,,,,N/A,N/A,N/A,N/A,N/A,N/A,N/A,N/A,N/A,N/A,46,55,15,70,26,26,79,27,19,39,34,25,38,73,81,74,54,91,85,75,47,85,73,93,61,79,84,94,93,63,67,N/A,11,87,19,19,46,48,41,39,68,68,N/A,N/A,N/A,N/A,68,68,40,69,67,67,32,39,39,39,39,81,81,81,81,81,81,81,81,81,81,N/A
82,N/A,N/A,SGRO,REIT\xe2\x80\x94Industrial,N/A,N/A,N/A,N/A,N/A,9010000000.0,10890000000.0,10.42,20.84,20.84,20.84,117.33,25.19,41.6,198.36,59.77,1.68,12.09,432500000.0,0.4,21.7,308600000.0,261899999.99999997,857900000.0,78.9,8.6,0.12,0.12,2020000000.0,26.33,1.01,7.0,210300000.0,145340000.0,0.61,22.66,N/A,945.16,641.8,780.14,847.22,3970000.0,2640000.0,1100000000.0,1090000000.0,0.21,0.21,N/A,N/A,N/A,N/A,0.21,0.21,2.61,0.21,0.03,3.04,24.78,198.36,198.36,198.36,198.36,,,,,,,,,,,N/A,N/A,N/A,N/A,N/A,N/A,N/A,N/A,N/A,N/A,36,36,60,89,7,7,36,0,1,0,4,78,56,83,93,18,88,69,28,42,82,92,88,56,78,60,35,74,69,65,52,N/A,4,16,11,11,47,53,40,40,63,63,N/A,N/A,N/A,N/A,63,63,42,62,55,49,83,0,0,0,0,82,82,82,82,82,82,82,82,82,82,N/A
83,N/A,N/A,SKG,Packaging &amp; Containers,N/A,N/A,N/A,N/A,N/A,5500000000.0,5430000000.0,8.74,187.64,187.64,187.64,187.64,1.02,1.02,5.26,0.0,6.71,16.45,2.0,2.0,2.0,262.9,262.9,262.9,262.9,123.25,123.25,123.25,123.25,123.25,1.21,12.25,30.402,30.402,1.02,5.44,N/A,38.0,831.0,301.39,619.15,656.28,730.02,238570000.0,222320000.0,1.05,1.05,N/A,N/A,N/A,N/A,1.05,1.05,1.05,1.05,0.05,2.83,50.05,5.26,5.26,5.26,5.26,,,,,,,,,,,N/A,N/A,N/A,N/A,N/A,N/A,N/A,N/A,N/A,N/A,63,75,67,94,2,2,51,60,89,72,90,35,44,91,80,84,92,77,61,9,20,71,4,89,26,47,17,83,92,33,88,N/A,93,6,59,29,88,82,81,79,19,19,N/A,N/A,N/A,N/A,19,19,63,21,27,57,56,72,72,72,72,83,83,83,83,83,83,83,83,83,83,N/A
84,N/A,N/A,SLA,Asset Management,N/A,N/A,N/A,N/A,N/A,4980000000.0,4700000000.0,19.57,1.29,1.29,1.29,75.65,1.22,2.39,6.9,46.82,9.42,3.03,3850000000.0,1.62,107.7,3430000000.0,1960000000.0,11.1,11.1,1630000000.0,1630000000.0,0.71,1260000000.0,18.92,2.66,2.87,1550000000.0,1550000000.0,1.21,25.62,N/A,338.25,170.3,224.47,288.21,10550000.0,8160000.0,2290000000.0,2240000000.0,0.22,0.22,N/A,N/A,N/A,N/A,0.22,0.22,10.36,0.22,0.1,6.12,245.45,6.9,6.9,6.9,6.9,,,,,,,,,,,N/A,N/A,N/A,N/A,N/A,N/A,N/A,N/A,N/A,N/A,69,81,31,41,55,55,24,55,78,64,5,17,90,55,82,9,37,32,91,90,9,31,59,64,81,12,69,29,15,19,46,N/A,59,56,69,65,23,26,24,26,62,62,N/A,N/A,N/A,N/A,62,62,6,61,11,17,4,64,64,64,64,84,84,84,84,84,84,84,84,84,84,N/A
85,N/A,N/A,SMDS,Packaging &amp; Containers,N/A,N/A,N/A,N/A,N/A,3920000000.0,6360000000.0,12.41,0.62,0.62,0.62,122.85,1.01,7.24,5.01,8.64,4.13,9.47,6290000000.0,4.59,3.7,23.0,23.0,23.0,23.0,31.5,0.32,0.32,2940000000.0,92.09,0.85,2.32,1420000000.0,1420000000.0,0.84,19.87,N/A,397.8,244.8,290.57,347.76,7260000.0,7370000.0,1370000000.0,1320000000.0,0.16,0.16,N/A,N/A,N/A,N/A,0.16,0.16,0.16,0.16,0.06,3.4,73.14,5.01,5.01,5.01,5.01,,,,,,,,,,,N/A,N/A,N/A,N/A,N/A,N/A,N/A,N/A,N/A,N/A,84,67,51,25,70,70,37,63,51,75,67,51,63,45,64,72,95,93,87,77,44,86,74,44,34,72,74,31,17,43,56,N/A,53,49,61,60,28,29,34,34,70,70,N/A,N/A,N/A,N/A,70,70,79,71,23,44,29,75,75,75,75,85,85,85,85,85,85,85,85,85,85,N/A
86,N/A,N/A,SMIN,Specialty Industrial Machinery,N/A,N/A,N/A,N/A,N/A,4700000000.0,6010000000.0,18.88,1.81,1.81,1.81,211.58,2.32,11.8,9.59,15.53,5.07,4.54,2600000000.0,6.55,8.5,1070000000.0000001,62.8,62.8,62.8,20.0,0.52,0.52,1500000000.0,66.83,2.76,5.6,30.402,30.402,0.73,26.63,N/A,246.4,790.0,170.94,541.48,1570000.0,1810000.0,396210000.0,395420000.0,0.32,0.32,N/A,N/A,N/A,N/A,0.32,0.32,0.32,0.32,0.03,3.11,185.83,9.59,9.59,9.59,9.59,,,,,,,,,,,N/A,N/A,N/A,N/A,N/A,N/A,N/A,N/A,N/A,N/A,73,70,33,50,46,46,58,41,28,55,54,45,83,64,51,44,70,86,79,51,60,83,67,61,46,11,41,95,96,52,43,N/A,71,9,75,40,74,67,70,66,55,55,N/A,N/A,N/A,N/A,55,55,72,57,57,48,6,55,55,55,55,86,86,86,86,86,86,86,86,86,86,N/A
87,,,,,,,,,,,,,,,,,,,,,,,,,,,,,,,,,,,,,,,,,,,,,,,,,,,,,,,,,,,,,,,,,,,,,,,,,,,,,,N/A,N/A,N/A,N/A,N/A,N/A,N/A,N/A,N/A,N/A,N/A,N/A,,N/A,N/A,,N/A,N/A,N/A,N/A,N/A,N/A,N/A,N/A,N/A,N/A,N/A,N/A,N/A,N/A,N/A,N/A,N/A,N/A,N/A,N/A,N/A,N/A,N/A,N/A,N/A,N/A,N/A,N/A,N/A,N/A,N/A,N/A,N/A,N/A,N/A,N/A,N/A,N/A,N/A,N/A,N/A,N/A,N/A,N/A,N/A,N/A,N/A,N/A,N/A,N/A,N/A,N/A,N/A,N/A,N/A,N/A,N/A,N/A,N/A,N/A,N/A
88,N/A,N/A,SN,Medical Devices,N/A,N/A,N/A,N/A,N/A,13480000000.0,15230000000.0,22.53,2.62,2.62,2.62,261.9,2.96,11.22,11.68,18.59,6.88,11.98,5140000000.0,5.88,7.7,3810000000.0,1360000000.0,68.4,68.4,25.2,0.32,0.32,2049999999.9999998,39.82,2.06,5.88,1170000000.0,640250000.0,0.24,4.67,N/A,23.0,55.01,469.83,714.23,3360000.0,2430000.0,874700000.0,869790000.0,0.3,0.3,N/A,N/A,N/A,N/A,0.3,0.3,1.99,0.38,0.02,1.77,53.06,11.68,11.68,11.68,11.68,,,,,,,,,,,N/A,N/A,N/A,N/A,N/A,N/A,N/A,N/A,N/A,N/A,27,32,23,61,35,35,64,33,31,44,45,34,57,47,52,47,33,37,77,48,57,87,76,55,68,20,40,35,37,88,93,N/A,94,73,35,17,49,57,51,48,57,57,N/A,N/A,N/A,N/A,57,57,51,52,71,79,52,44,44,44,44,88,88,88,88,88,88,88,88,88,88,N/A
89,N/A,N/A,SPX,Specialty Industrial Machinery,N/A,N/A,N/A,N/A,N/A,6510000000.0,6460000000.0,39.12,5.24,5.24,5.24,787.33,5.2,21.41,13.41,20.42,9.76,20.96,1240000000.0,16.86,7.5,938700000.0,301900000.0,166600000.0,225.5,37.5,168500000.0,2.29,502600000.0,60.83,2.55,11.2,227400000.0,152150000.0,0.72,3.64,N/A,535.0,220.0,309.5,548.83,214.62,194.48,73670000.0,72870000.0,1.1,1.1,N/A,N/A,N/A,N/A,1.1,1.1,1.32,1.1,0.01,1.54,45.68,13.41,13.41,13.41,13.41,,,,,,,,,,,N/A,N/A,N/A,N/A,N/A,N/A,N/A,N/A,N/A,N/A,50,66,8,78,18,18,90,18,7,40,39,16,31,81,22,48,73,66,55,13,41,57,37,76,50,13,20,70,65,53,95,N/A,43,51,58,39,96,96,95,93,17,17,N/A,N/A,N/A,N/A,17,17,60,18,89,84,67,40,40,40,40,89,89,89,89,89,89,89,89,89,89,N/A
90,N/A,N/A,SSE,Utilities\xe2\x80\x94Diversified,N/A,N/A,N/A,N/A,N/A,12690000000.0,22510000000.0,9.93,1.8,1.8,1.8,261.35,3.19,9.73,18.58,17.6,3.4,37.96,7070000000.0,6.87,8.0,1540000000.0,2310000000.0,1710000000.0,122.9,0.09,0.09,0.09,10030000000.0,208.36,0.82,4.67,1450000000.0,149010000.0,0.49,8.59,N/A,703.0,997.8,299.81,381.77,5960000.0,4240000.0,1040000000.0,1020000000.0,0.92,0.92,N/A,N/A,N/A,N/A,0.92,0.92,7.65,0.92,0.08,6.78,58.1,18.58,18.58,18.58,18.58,,,,,,,,,,,N/A,N/A,N/A,N/A,N/A,N/A,N/A,N/A,N/A,N/A,30,25,61,49,47,47,62,31,40,21,47,60,12,42,45,46,61,26,18,30,95,93,90,21,10,73,50,30,68,71,74,N/A,25,0,60,57,35,41,42,41,24,24,N/A,N/A,N/A,N/A,24,24,11,25,16,10,43,21,21,21,21,90,90,90,90,90,90,90,90,90,90,N/A
91,N/A,N/A,STAN,Banks\xe2\x80\x94Diversified,N/A,N/A,N/A,N/A,N/A,12850000000.0,17070000000.0,7.21,0.89,0.89,0.89,26.55,1.18,1.49,15.87,25.85,0.33,4.63,14510000000.0,4.46,11.8,14510000000.0,1860000000.0,1860000000.0,56.4,207280000000.0,207280000000.0,64.96,175740000000.0,15.31,15.31,15.31,30.402,30.402,1.49,40.92,N/A,742.6,391.7,458.27,626.44,10350000.0,7740000.0,3160000000.0,2630000000.0,0.07,0.07,N/A,N/A,N/A,N/A,0.07,0.07,0.07,0.07,0.02,39.01,39.01,15.87,15.87,15.87,15.87,,,,,,,,,,,N/A,N/A,N/A,N/A,N/A,N/A,N/A,N/A,N/A,N/A,28,30,72,32,64,64,4,56,83,30,28,90,82,31,65,28,12,33,16,52,0,3,6,4,82,0,12,91,85,9,27,N/A,18,34,37,28,24,27,18,19,82,82,N/A,N/A,N/A,N/A,82,82,85,83,73,5,73,30,30,30,30,91,91,91,91,91,91,91,91,91,91,N/A
92,N/A,N/A,STJ,Financial Conglomerates,N/A,N/A,N/A,N/A,N/A,4179999999.9999995,2500000000.0,28.35,0.25,0.25,0.25,437.49,0.15,3.49,0.88,4.28,0.42,14.91,16559999999.999998,31.17,2420000000.0,2420000000.0,717900000.0,146600000.0,27.5,3.5,7090000000.0,13.33,603800000.0,63.74,1.45,1.78,365400000.0,1380000000.0,1.31,32.72,N/A,777.5,614.0,813.82,24.95,2670000.0,536299999.99999994,536299999.99999994,528940000.00000006,0.5,0.5,N/A,N/A,N/A,N/A,0.5,0.5,6.64,0.5,0.07,3.52,175.35,0.88,0.88,0.88,0.88,,,,,,,,,,,N/A,N/A,N/A,N/A,N/A,N/A,N/A,N/A,N/A,N/A,82,95,12,7,88,88,76,94,74,91,79,88,49,26,9,5,41,50,56,72,90,12,15,74,48,40,78,61,19,13,34,N/A,15,18,9,94,62,2,63,57,36,36,N/A,N/A,N/A,N/A,36,36,15,36,19,41,8,91,91,91,91,92,92,92,92,92,92,92,92,92,92,N/A
93,N/A,N/A,SVT,Utilities\xe2\x80\x94Regulated Water,N/A,N/A,N/A,N/A,N/A,5500000000.0,11770000000.0,18.5,3.05,3.05,3.05,447.02,6.53,13.5,16.46,30.32,3.38,25.31,1800000000.0,7.61,1.8,599200000.0,871900000.0,296900000.0,125.0,11.1,23800000.0,0.1,6300000000.0,512.27,0.67,5.17,795700000.0,429810000.0,0.43,19.75,N/A,716.0,891.0,321.94,384.66,1110000.0,606.22,237960000.0,235510000.0,0.96,0.96,N/A,N/A,N/A,N/A,0.96,0.96,4.09,0.96,0.04,4.0,74.7,16.46,16.46,16.46,16.46,,,,,,,,,,,N/A,N/A,N/A,N/A,N/A,N/A,N/A,N/A,N/A,N/A,64,35,34,64,32,32,78,10,24,27,18,61,26,75,41,85,79,47,40,29,75,66,89,28,1,84,46,40,45,76,57,N/A,22,4,55,55,80,87,82,78,23,23,N/A,N/A,N/A,N/A,23,23,27,24,43,35,26,27,27,27,27,93,93,93,93,93,93,93,93,93,93,N/A
94,N/A,N/A,TSCO,Grocery Stores,N/A,N/A,N/A,N/A,N/A,23320000000.0,37050000000.0,24.05,0.36,0.36,0.36,174.3,0.57,9.34,1.5,4.23,3.38,6.66,64760000000.00001,6.66,4810000000.0,4810000000.0,3970000000.0,9.9,9.9,3120000000.0,3120000000.0,0.32,17059999999.999998,128.73,0.73,1.37,571500000.0,571500000.0,0.37,4.8,N/A,332.67,203.7,228.26,240.04,31680000.0,23770000.0,9790000000.0,9530000000.0,0.09,0.09,N/A,N/A,N/A,N/A,0.09,0.09,3.93,0.09,0.04,70.75,70.75,1.5,1.5,1.5,1.5,,,,,,,,,,,N/A,N/A,N/A,N/A,N/A,N/A,N/A,N/A,N/A,N/A,16,16,20,16,80,80,47,78,42,89,80,62,77,4,49,3,29,15,92,91,6,23,75,14,25,78,85,47,40,82,92,N/A,61,52,68,70,7,11,7,6,76,76,N/A,N/A,N/A,N/A,76,76,29,78,42,3,30,89,89,89,89,94,94,94,94,94,94,94,94,94,94,N/A
95,N/A,N/A,TW,Residential Construction,N/A,N/A,N/A,N/A,N/A,4480000000.0,3940000000.0,6.62,1.03,1.03,1.03,134.87,0.91,4.68,15.52,19.33,10.06,20.62,4340000000.0,1.33,10.4,1040000000.0,842500000.0,673900000.0,20.6,4.8,630400000.0,0.19,112600000.0,3.4,4.44,1.01,422010000.0,422010000.0,1.33,74.43,N/A,214.5,0.02,47.36,13.02,22570000.0,19950000.0,3280000000.0,3240000000.0,0.08,0.08,N/A,N/A,N/A,N/A,0.08,0.08,0.08,0.08,0.06,2.2,37.09,15.52,15.52,15.52,15.52,,,,,,,,,,,N/A,N/A,N/A,N/A,N/A,N/A,N/A,N/A,N/A,N/A,76,88,76,37,58,58,39,68,67,31,42,14,32,52,85,33,71,48,30,80,87,45,81,81,92,4,89,54,46,12,1,N/A,74,96,92,95,12,15,16,17,80,80,N/A,N/A,N/A,N/A,80,80,84,80,24,69,74,31,31,31,31,95,95,95,95,95,95,95,95,95,95,N/A
96,N/A,N/A,ULVR,Household &amp; Personal Products,N/A,N/A,N/A,N/A,N/A,107680000000.0,107530000000.0,16.28,818.91,818.91,818.91,818.91,0.45,0.45,10.82,0.0,9.85,46.35,5.0,5.0,5.0,22880000000.0,252.7,252.7,252.7,58.7,203.49,203.49,203.49,203.49,0.78,5.03,30.402,30.402,0.45,8.29,N/A,333.0,583.5,109.86,431.07,3340000.0,1840000.0,1160000000.0,2610000000.0,1.39,1.39,N/A,N/A,N/A,N/A,1.39,1.39,3.36,1.72,0.04,3.0,75.82,10.82,10.82,10.82,10.82,,,,,,,,,,,N/A,N/A,N/A,N/A,N/A,N/A,N/A,N/A,N/A,N/A,0,7,37,96,0,0,92,83,96,47,94,15,10,89,59,67,5,78,62,10,31,69,2,87,11,75,47,86,82,75,76,N/A,60,20,83,53,50,65,39,20,12,12,N/A,N/A,N/A,N/A,12,12,34,10,40,50,24,47,47,47,47,96,96,96,96,96,96,96,96,96,96,N/A
97,N/A,N/A,UU,Utilities\xe2\x80\x94Regulated Water,N/A,N/A,N/A,N/A,N/A,6070000000.0,13960000000.0,19.64,3.3,3.3,3.3,198.88,7.6,12.52,16.84,38.87,3.31,10.29,1840000000.0,2.69,2.1,1650000000.0,1110000000.0,309500000.0,45.3,25.4,621600000.0,0.91,8510000000.0,279.02,0.94,4.47,758200000.0,73710000.0,0.31,8.46,N/A,104.0,743.0,886.39,911.44,3200000.0,2310000.0,681890000.0,675330000.0,0.42,0.42,N/A,N/A,N/A,N/A,0.42,0.42,4.63,0.42,0.05,4.55,91.13,16.84,16.84,16.84,16.84,,,,,,,,,,,N/A,N/A,N/A,N/A,N/A,N/A,N/A,N/A,N/A,N/A,57,34,29,68,28,28,56,8,25,25,12,65,61,74,75,83,58,41,39,59,56,47,54,23,5,66,53,42,78,84,75,N/A,85,11,5,5,54,58,62,56,45,45,N/A,N/A,N/A,N/A,45,45,21,47,32,27,19,25,25,25,25,97,97,97,97,97,97,97,97,97,97,N/A
98,N/A,N/A,VOD,Telecom Services,N/A,N/A,N/A,N/A,N/A,29150000000.0,32020000000.000004,42.46,42.46,42.46,42.46,42.46,0.72,0.72,5.06,0.0,2.25,2.87,0.4,0.4,0.4,13510000000.0,28.2,28.2,28.2,142.43,142.43,142.43,142.43,142.43,0.99,2.56,30.402,30.402,0.72,23.63,N/A,195.65,92.76,116.31,144.46,107780000.0,84930000.0,26770000000.0,29070000000.0,0.08,0.08,N/A,N/A,N/A,N/A,0.08,0.08,7.06,0.18,0.16,6.15,5.06,5.06,5.06,5.06,5.06,,,,,,,,,,,N/A,N/A,N/A,N/A,N/A,N/A,N/A,N/A,N/A,N/A,13,18,7,90,6,6,7,74,93,74,95,72,92,95,92,93,14,90,83,70,19,70,3,88,20,63,72,85,81,54,49,N/A,75,65,82,83,1,5,1,1,79,79,N/A,N/A,N/A,N/A,79,79,13,67,3,15,90,74,74,74,74,98,98,98,98,98,98,98,98,98,98,N/A
99,N/A,N/A,WPP,Advertising Agencies,N/A,N/A,N/A,N/A,N/A,6840000000.0,10790000000.0,11.28,0.52,0.52,0.52,86.44,0.81,6.78,4.72,9.74,2.47,7.75,13230000000.0,10.59,2410000000.0,2410000000.0,1590000000.0,627900000.0,49.5,2970000000.0,2970000000.0,2.38,6760000000.0,80.04,0.99,6.46,1850000000.0,960700000.0,1.09,43.23,N/A,85.5,450.0,577.54,887.03,6070000.0,4179999.9999999995,1230000000.0,1250000000.0,0.23,0.23,N/A,N/A,N/A,N/A,0.23,0.23,0.23,0.23,0.04,4.41,120.48,4.72,4.72,4.72,4.72,,,,,,,,,,,N/A,N/A,N/A,N/A,N/A,N/A,N/A,N/A,N/A,N/A,47,38,55,20,76,76,25,70,56,76,63,71,73,32,35,6,42,35,31,56,7,24,32,26,42,64,37,25,26,31,23,N/A,87,31,24,6,34,43,38,37,61,61,N/A,N/A,N/A,N/A,61,61,74,60,38,30,12,76,76,76,76,99,99,99,99,99,99,99,99,99,99,N/A
100,N/A,N/A,WTB,Restaurants,N/A,N/A,N/A,N/A,N/A,3630000000.0,7040000000.0,1.29,1.77,1.77,1.77,117.31,3.43,14.56,178.65,19.47,3.9,5.73,2049999999.9999998,11.81,0.4,631400000.0,483300000.0,195400000.0,100.7,26.3,804900000.0,4.88,3390000000.0,89.1,1.63,23.02,88700000.0,157120000.0,0.94,44.24,N/A,194.0,805.5,897.86,105.13,1140000.0,830.2,134560000.0,163980000.0,1.0,1.0,N/A,N/A,N/A,N/A,1.0,1.0,1.0,1.0,0.04,2.25,89.4,178.65,178.65,178.65,178.65,,,,,,,,,,,N/A,N/A,N/A,N/A,N/A,N/A,N/A,N/A,N/A,N/A,90,59,90,48,48,48,35,28,22,1,41,53,81,72,30,94,78,61,52,37,55,42,22,43,37,30,8,79,64,38,20,N/A,76,8,4,86,78,80,89,85,21,21,N/A,N/A,N/A,N/A,21,21,64,22,51,68,20,1,1,1,1,100,100,100,100,100,100,100,100,100,100,N/A
