,Date,Unix,Ticker,Industry,Price,stock_p_change,SP500,sp500_p_change,Difference,Market cap,Enterprise value,Trailing P/E,Forward P/E,PEG ratio (5-yr expected),Price/sales,Price/book,Enterprise value/revenue,Enterprise value/EBITDA,Profit margin,Operating margin,Return on assets,Return on equity,Revenue,Revenue per share,Quarterly revenue growth,Gross profit,EBITDA,Net income avi to common,Diluted EPS,Quarterly earnings growth,Total cash,Total cash per share,Total debt,Total debt/equity,Current ratio,Book value per share,Operating cash flow,Levered free cash flow,Beta (5Y monthly),52-week change,S&P500 52-week change,52-week high,52-week low,50-day moving average,200-day moving average,Avg vol (3-month),Avg vol (10-day),Shares outstanding,Float,% held by insiders,% held by institutions,Shares short,Short ratio,Short % of float,Short % of shares outstanding,Shares short (prior month ),Forward annual dividend rate,Forward annual dividend yield,Trailing annual dividend rate,Trailing annual dividend yield,5-year average dividend yield,Payout ratio,Dividend date,Ex-dividend date,Last split factor,Last split date,EPS Rank,RPS Rank,5 yr Sales,5 yr Price,Proj Sales,Proj Hi/Lo,Time Safe,STARS Fair Val,Price/cash flow,SMA MACD RSI,Status,Date rank,Unix rank,Ticker rank,Industry rank,Price rank,stock_p_change rank,SP500 rank,sp500_p_change rank,Difference rank,Market cap rank,Enterprise value rank,Trailing P/E rank,Forward P/E rank,PEG ratio (5-yr expected) rank,Price/sales rank,Price/book rank,Enterprise value/revenue rank,Enterprise value/EBITDA rank,Profit margin rank,Operating margin rank,Return on assets rank,Return on equity rank,Revenue rank,Revenue per share rank,Quarterly revenue growth rank,Gross profit rank,EBITDA rank,Net income avi to common rank,Diluted EPS rank,Quarterly earnings growth rank,Total cash rank,Total cash per share rank,Total debt rank,Total debt/equity rank,Current ratio rank,Book value per share rank,Operating cash flow rank,Levered free cash flow rank,Beta (5Y monthly) rank,52-week change rank,S&P500 52-week change rank,52-week high rank,52-week low rank,50-day moving average rank,200-day moving average rank,Avg vol (3-month) rank,Avg vol (10-day) rank,Shares outstanding rank,Float rank,% held by insiders rank,% held by institutions rank,Shares short rank,Short ratio rank,Short % of float rank,Short % of shares outstanding rank,Shares short (prior month ) rank,Forward annual dividend rate rank,Forward annual dividend yield rank,Trailing annual dividend rate rank,Trailing annual dividend yield rank,5-year average dividend yield rank,Payout ratio rank,Dividend date rank,Ex-dividend date rank,Last split factor rank,Last split date rank,EPS Rank rank,RPS Rank rank,5 yr Sales rank,5 yr Price rank,Proj Sales rank,Proj Hi/Lo rank,Time Safe rank,STARS Fair Val rank,Price/cash flow rank,SMA MACD RSI rank,Status rank
0,2020-05-17 21:25:26.049421,N/A,III,,N/A,N/A,N/A,N/A,N/A,7450000000.0,,5.78,,,,,,,,,,,,,,1360000000.0,,,,,,,,,,,,,,,,178.5,8.15,32.09,62.44,15.2,,,,,,,,,,,,,0.38,0.05,,,,,,,,,,,,,,,,,N/A,,,,,,,,,,44,97,77,0,0,89,94,89,83,97,97,96,94,89,89,89,64,83,89,96,71,88,88,89,90,91,96,84,83,96,97,,78,87,96,89,98,98,97,97,0,0,,,,,0,56,56,52,29,84,89,0,69,69,69,0,0,0,0,0,0,0,0,0,0,
1,2020-05-17 21:25:26.570893,N/A,ADM,,N/A,N/A,N/A,N/A,N/A,6720000000.0,4230000000.0000005,15.45,,,4.94,723.96,3.11,7.65,31.79,39.81,4.7,50.71,1360000000.0,4.67,6.6,553500000.0,553500000.0,432400000.0,148.0,14.4,3400000000.0,11.8,667200000.0,72.63,1.8,3.16,236600000.0,100830000.0,0.31,9.93,,508.0,858.5,283.47,218.26,1020000.0,713.98,294040000.0,246200000.0,,,,,,,,0.98,4.32,0.98,0.04,3.42,61.76,,,,,,,,,,,,,,,N/A,,,,,,,,,,49,86,41,1,1,12,74,33,50,8,10,46,7,78,58,48,84,53,35,25,43,21,7,71,43,20,65,64,75,85,75,,45,5,68,75,83,83,76,77,1,1,,,,,1,13,22,21,50,35,36,1,70,70,70,1,1,1,1,1,1,1,1,1,1,
2,2020-05-17 21:25:27.045240,N/A,AAL,,N/A,N/A,N/A,N/A,N/A,19540000000.0,29190000000.0,5.19,,,0.65,71.84,0.98,3.3,11.87,21.06,7.26,14.97,29870000000.0,23.65,8.5,16010000000.000002,8850000000.0,3550000000.0,276.0,26.3,6360000000.0,5.12,10730000000.0,34.2,1.94,19.96,7660000000.0,826120000.0,1.2,29.43,,294.0,18.2,393.06,830.3,5720000.0,4110000.0000000005,1360000000.0,1100000000.0,,,,,,,,0.89,6.53,1.09,0.08,,41.11,,,,,,,,,,,,,,,N/A,,,,,,,,,,19,20,80,2,2,63,73,62,74,43,36,33,44,11,12,38,11,7,6,6,33,12,12,20,72,19,9,8,30,19,42,,63,82,53,12,36,38,35,38,2,2,,,,,2,17,12,17,17,85,68,2,71,71,71,2,2,2,2,2,2,2,2,2,2,
3,2020-05-17 21:25:27.570064,N/A,ANTO,,N/A,N/A,N/A,N/A,N/A,7960000000.0,10520000000.0,15.85,,,1.6,107.74,2.12,4.82,10.1,27.26,5.89,8.95,4960000000.0,5.04,6.6,2180000000.0,2180000000.0,501400000.0,50.9,43.0,2190000000.0,2.22,2760000000.0,29.33,2.33,7.49,2089999999.9999998,881650000.0,0.69,5.48,,993.8,575.0,777.05,839.36,2700000.0,1900000.0,985860000.0,340200000.0,,,,,,,,0.27,3.49,0.34,0.04,,92.77,,10.1,10.1,10.1,,,,,,,,,,,N/A,,,,,,,,,,41,39,37,3,3,44,3,44,67,51,21,40,64,49,54,50,47,24,33,54,16,27,27,48,76,11,32,21,29,54,88,,0,23,14,9,62,58,45,68,3,3,,,,,3,42,31,54,46,86,16,3,36,36,36,3,3,3,3,3,3,3,3,3,3,
4,2020-05-17 21:25:28.186174,N/A,AHT,,N/A,N/A,N/A,N/A,N/A,9930000000.0,15430000000.0,12.55,,,1.97,343.97,3.07,6.61,16.21,26.18,8.96,28.73,5030000000.0,10.9,9.1,4340000000.0,2330000000.0,176.0,176.0,7.4,17900000.0,0.04,5460000000.0,188.65,1.46,6.42,864500000.0,1500000000.0,1.29,7.49,,797.0,10.0,945.59,248.73,2430000.0,1210000.0,449310000.0,414850000.0,,,,,,,,0.41,1.88,0.41,0.02,1.56,23.03,,16.21,16.21,16.21,,,,,,,,,,,N/A,,,,,,,,,,36,32,50,4,4,36,47,34,57,28,23,22,17,47,31,33,32,22,64,20,61,66,85,30,13,35,37,37,17,16,81,,13,85,2,73,63,71,67,64,4,4,,,,,4,36,48,47,68,74,80,4,20,20,20,4,4,4,4,4,4,4,4,4,4,
5,2020-05-17 21:25:28.643094,N/A,ABF,,N/A,N/A,N/A,N/A,N/A,12860000000.0,16780000000.000002,18.17,,,0.81,142.01,1.05,8.05,4.43,8.46,5.76,7.87,15940000000.0,20.19,1.5,3650000000.0,2080000000.0,89.4,89.4,44.2,1350000000.0,1.71,4099999999.9999995,44.99,1.76,11.44,1660000000.0,960500000.0,0.71,34.11,,730.0,554.0,844.53,294.98,1520000.0,1200000.0,791670000.0,327950000.0,,,,,,,,,,0.34,0.02,1.51,51.85,,4.43,4.43,4.43,,,,,,,,,,,N/A,,,,,,,,,,29,29,33,5,5,61,12,58,47,80,68,41,67,27,13,78,34,26,67,38,15,38,34,38,64,21,18,24,27,51,39,,21,24,9,68,76,72,53,70,5,5,,,,,5,57,57,55,67,77,53,5,57,57,57,5,5,5,5,5,5,5,5,5,5,
6,2020-05-17 21:25:29.160265,N/A,AZN,,N/A,N/A,N/A,N/A,N/A,113780000000.0,130539999999.99998,74.94,,,4.51,055.51,5.17,21.44,6.03,13.48,3.6,11.66,25250000000.0,19.24,15.7,19540000000.0,6090000000.0,1520000000.0,115.7,31.5,4160000000.0,3.17,20980000000.0,171.72,0.75,8.22,3500000000.0,4240000000.0,0.31,50.5,,56.0,739.0,918.82,519.85,3080000.0,1850000.0,1310000000.0,1310000000.0,,,,,,,,2.18,2.49,2.8,0.03,3.94,239.36,,,,,,,,,,,,,,,N/A,,,,,,,,,,0,2,1,6,6,16,0,20,8,68,57,55,55,15,14,17,8,8,19,32,24,18,17,12,16,71,27,14,8,84,17,,93,11,3,42,57,60,36,35,6,6,,,,,6,2,42,1,58,28,4,6,72,72,72,6,6,6,6,6,6,6,6,6,6,
7,2020-05-17 21:25:29.680660,N/A,AUTO,,N/A,N/A,N/A,N/A,N/A,4840000000.0,4740000000.0,22.51,,,13.27,873.79,12.98,18.46,57.07,68.99,35.46,360.07,0.39,0.39,5.6,355100000.0,256700000.0,208300000.0,22.3,11.4,31100000.0,0.03,335900000.0,351.73,2.01,0.1,192500000.0,150700000.0,0.67,15.53,,747.0,308.6,443.34,520.25,5670000.0,3010000.0,964920000.0,899570000.0,,,,,,,,0.07,1.43,0.07,0.01,,30.09,,,,,,,,,,,,,,,N/A,,,,,,,,,,72,81,22,7,7,3,89,3,14,4,1,1,1,88,86,57,89,65,50,77,52,64,87,79,2,18,94,72,65,57,63,,17,45,47,41,38,47,47,46,7,7,,,,,7,54,51,80,90,87,77,7,73,73,73,7,7,7,7,7,7,7,7,7,7,
8,2020-05-17 21:25:30.368970,N/A,AVV,,N/A,N/A,N/A,N/A,N/A,6080000000.0,6310000000.0,105.7,,,7.39,317.50,7.67,39.49,7.01,15.38,3.32,3.02,5.1,5.1,16.5,575300000.0,159700000.0,57600000.0,35.6,,78600000.0,0.49,90300000.0,4.73,1.31,11.85,116600000.0,119030000.0,1.18,8.7,,350.0,634.0,540.71,264.08,394.86,226.46,161510000.0,63280000.0,,,,,,,,0.45,1.22,0.44,0.01,1.53,120.65,,7.01,7.01,7.01,,,,,,,,,,,N/A,,,,,,,,,,57,68,0,8,8,6,44,9,2,62,55,62,88,84,53,16,83,68,57,63,72,62,59,82,87,40,17,75,73,22,77,,56,17,35,70,95,95,87,95,8,8,,,,,8,31,54,40,93,75,12,8,44,44,44,8,8,8,8,8,8,8,8,8,8,
9,2020-05-17 21:25:30.921456,N/A,AV,,N/A,N/A,N/A,N/A,N/A,6140000000.0,6140000000.0,3.63,,,0.19,51.31,0.13,1.24,5.49,9.99,0.65,14.34,46400000000.0,11.86,99.1,13930000000.0,4950000000.0,2500000000.0,63.1,15.7,26620000000.0,6.79,9610000000.0,51.44,2.28,4.47,5970000000.0,793880000.0,1.09,44.45,,439.4,3.87,246.3,353.26,20370000.0,12200000.0,3930000000.0,3910000000.0,,,,,,,,,,0.09,0.04,5.59,47.94,,5.49,5.49,5.49,,,,,,,,,,,N/A,,,,,,,,,,56,71,82,9,9,83,61,86,82,69,62,84,50,6,27,2,13,11,11,50,40,5,9,22,61,13,52,9,31,29,23,,48,95,73,59,14,16,14,15,9,9,,,,,9,58,58,76,40,10,62,9,48,48,48,9,9,9,9,9,9,9,9,9,9,
10,2020-05-17 21:25:31.438973,N/A,BA,,N/A,N/A,N/A,N/A,N/A,15960000000.0,18730000000.0,10.77,,,0.87,294.14,1.02,9.45,8.06,9.0,4.09,27.53,18300000000.0,5.75,11.2,11800000000.0,1980000000.0,1480000000.0,46.1,28.7,2590000000.0,0.81,4820000000.0,87.37,1.01,1.69,1600000000.0,713500000.0,0.52,7.27,,672.8,5.69,515.99,570.3,10450000.0,6040000.0,3210000000.0,3060000000.0,,,,,,,,,,0.23,0.05,3.95,49.02,,8.06,8.06,8.06,,,,,,,,,,,N/A,,,,,,,,,,24,27,58,10,10,55,40,61,40,58,66,51,19,22,49,26,17,27,21,58,28,25,48,34,39,57,79,25,33,70,83,,32,91,37,34,24,26,17,18,10,10,,,,,10,59,59,60,31,27,57,10,42,42,42,10,10,10,10,10,10,10,10,10,10,
11,2020-05-17 21:25:32.002755,N/A,BARC,,N/A,N/A,N/A,N/A,N/A,16899999999.999998,118260000000.0,8.4,,,0.83,24.63,5.79,,14.1,34.4,0.22,4.37,20430000000.0,1.18,14.7,19730000000.0,,2029999999.9999998,11.6,32.2,611310000000.0,35.38,710130000000.0,,,3.96,,,1.21,37.87,,192.99,73.04,94.84,145.91,92720000.0,48140000.0,17340000000.0,15770000000.0,,,,,,,,,,0.03,0.03,2.9,25.08,,14.1,14.1,14.1,,,,,,,,,,,N/A,,,,,,,,,,23,4,67,11,11,60,31,16,84,36,14,93,80,20,79,18,7,84,12,88,21,1,2,1,91,92,57,85,84,18,34,,76,69,87,82,2,4,4,4,11,11,,,,,11,60,60,89,60,47,78,11,27,27,27,11,11,11,11,11,11,11,11,11,11,
12,2020-05-17 21:25:32.910524,N/A,BDEV,,N/A,N/A,N/A,N/A,N/A,4870000000.0,5010000000.0,6.52,,,0.99,100.10,1.02,5.42,15.35,18.75,8.39,16.02,4900000000.0,4.84,6.3,1090000000.0,924300000.0,73.3,73.3,3.6,626700000.0,0.62,251400000.0,5.18,3.84,4.78,401600000.0,396860000.0,1.2,20.79,,979.54,349.4,486.28,653.65,7430000.0,4780000.0,1020000000.0,1010000000.0,,,,,,,,,,0.19,0.04,3.84,39.7,,15.35,15.35,15.35,,,,,,,,,,,N/A,,,,,,,,,,71,78,74,12,12,52,1,60,63,30,43,24,42,50,56,53,69,41,70,44,67,45,54,80,85,4,48,54,48,20,52,,1,39,40,27,29,31,44,42,12,12,,,,,12,61,61,66,37,29,69,12,22,22,22,12,12,12,12,12,12,12,12,12,12,
13,2020-05-17 21:25:33.504676,N/A,BKG,,N/A,N/A,N/A,N/A,N/A,5040000000.0,4360000000.0,10.02,,,2.25,166.85,1.95,6.95,23.54,27.86,7.89,18.4,2230000000.0,17.5,43.7,926200000.0,626800000.0,400.2,400.2,31.2,1360000000.0,10.73,10.04,10.04,2.89,24.03,274900000.0,144810000.0,0.88,7.14,,562.0,41.0,986.44,542.25,909.35,557.22,125710000.0,122390000.0,,,,,,,,1.19,3.05,1.19,0.03,3.82,6.79,,23.54,23.54,23.54,,,,,,,,,,,N/A,,,,,,,,,,70,85,61,13,13,33,16,46,55,12,20,29,36,67,18,6,76,48,59,5,25,36,8,88,84,5,5,61,69,43,84,,41,78,0,39,85,87,93,90,13,13,,,,,13,8,34,13,62,30,84,13,7,7,7,13,13,13,13,13,13,13,13,13,13,
14,2020-05-17 21:25:34.013582,N/A,BHP,,N/A,N/A,N/A,N/A,N/A,71470000000.0,87320000000.0,7.61,,,1.55,148.51,1.89,3.7,20.39,38.91,10.97,19.06,46160000000.0,9.13,7.4,35780000000.0,23580000000.0,9450000000.0,185.6,29.3,14340000000.0,2.84,27750000000.0,52.94,1.62,9.52,18040000000.0,12200000000.0,1.01,24.36,,78.5,939.8,303.42,549.21,9860000.0,6740000.0,2109999999.9999998,5020000000.0,,,,,,,,0.82,6.03,1.43,0.11,5.04,48.38,,20.39,20.39,20.39,,,,,,,,,,,N/A,,,,,,,,,,5,9,72,14,14,45,13,47,70,18,11,12,33,7,35,43,3,2,1,18,27,8,18,11,58,27,23,2,2,33,46,,90,3,66,38,26,25,26,10,14,14,,,,,14,19,14,12,9,13,59,14,11,11,11,14,14,14,14,14,14,14,14,14,14,
15,2020-05-17 21:25:34.472837,N/A,BP,,N/A,N/A,N/A,N/A,N/A,60070000000.0,126200000000.0,,,,0.22,67.77,0.47,5.35,1.21,0.84,0.5,3.3,270399999999.99997,13.33,9.8,45680000000.0,23600000000.0,3270000000.0,16.1,,18230000000.0,0.9,78490000000.0,86.75,1.01,4.38,21430000000.0,5220000000.0,0.59,46.8,,565.8,4.69,318.59,419.14,72860000.0,43070000.0,20260000000.0,19800000000.0,,,,,,,,0.34,11.22,0.41,0.14,6.5,,,1.21,1.21,1.21,,,,,,,,,,,N/A,,,,,,,,,,9,3,87,15,15,82,71,73,65,89,87,85,84,1,24,29,2,1,7,84,73,7,47,6,41,55,53,1,7,65,21,,40,94,63,52,3,5,3,3,15,15,,,,,15,40,4,46,5,3,90,15,63,63,63,15,15,15,15,15,15,15,15,15,15,
16,2020-05-17 21:25:34.985730,N/A,BATS,,N/A,N/A,N/A,N/A,N/A,69960000000.0,111110000000.0,12.25,,,2.7,109.23,4.29,9.78,22.04,40.77,4.59,9.01,25880000000.0,11.33,6.6,21440000000.0,11370000000.0,5700000000.0,249.0,13.5,2650000000.0,1.16,45370000000.0,70.71,0.7,27.92,4200000000.0,4200000000.0,0.69,0.59,,507.0,116.5,964.97,79.55,5290000.0,2950000.0,2290000000.0,2260000000.0,,,,,,,,2.1,7.04,2.03,0.07,4.72,81.53,,,,,,,,,,,,,,,N/A,,,,,,,,,,6,6,54,16,16,28,4,23,39,15,8,47,62,14,30,49,6,4,3,11,47,24,39,7,45,74,2,13,9,53,95,,46,64,1,87,40,48,23,25,16,16,,,,,16,3,11,3,18,16,21,16,74,74,74,16,16,16,16,16,16,16,16,16,16,
17,2020-05-17 21:25:35.497174,N/A,BLND,,N/A,N/A,N/A,N/A,N/A,3100000000.0,7190000000.0,,,,4.64,39.69,10.76,23.53,96.86,43.71,1.5,8.12,0.7,0.7,58.8,305500000.0,305500000.0,68.0,68.0,,0.17,0.17,3580000000.0,44.86,0.31,8.42,218880000.0,218880000.0,1.31,40.49,,649.4,309.4,374.47,509.38,6680000.0,7500000.0,926680000.0,919330000.0,,,,,,,,,,0.31,0.1,4.77,,,,,,,,,,,,,,,,N/A,,,,,,,,,,93,57,88,17,17,14,48,6,7,2,6,81,66,87,84,4,91,60,72,49,74,80,75,42,65,88,26,69,61,13,29,,33,44,55,44,32,23,49,44,17,17,,,,,17,62,62,58,11,15,91,17,75,75,75,17,17,17,17,17,17,17,17,17,17,
18,2020-05-17 21:25:35.942015,N/A,BT.A,,N/A,N/A,N/A,N/A,N/A,,,,,,,,,,,,,,,,,,,,,,,,,,,,,,,,,,,,,,,,,,,,,,,,,,,,,,,,,,,,,,,,,,,,N/A,,,,,,,,,,99,98,89,18,18,90,95,90,85,98,98,97,95,90,90,90,98,85,90,97,75,89,89,90,92,93,97,86,85,97,98,,99,99,99,99,99,99,98,98,18,18,,,,,18,63,63,96,96,88,92,18,76,76,76,18,18,18,18,18,18,18,18,18,18,
19,2020-05-17 21:25:36.457580,N/A,BNZL,,N/A,N/A,N/A,N/A,N/A,5760000000.0,7510000000.0,16.36,,,0.62,326.83,0.81,11.1,3.74,5.84,5.93,20.31,9330000000.0,27.98,1.3,2290000000.0,349200000.0,349200000.0,104.5,9.5,610500000.0,1.83,2350000000.0,134.59,1.34,5.23,669300000.0,524980000.0,0.44,22.16,,199.0,242.0,673.31,896.02,1570000.0,880.15,336800000.0,328910000.0,,,,,,,,,,0.16,0.01,2.02,48.33,,3.74,3.74,3.74,,,,,,,,,,,N/A,,,,,,,,,,63,53,35,19,19,65,45,66,32,81,74,39,31,39,9,80,44,59,37,35,57,47,31,52,21,39,43,42,41,78,49,,73,50,18,5,75,80,74,69,19,19,,,,,19,64,64,70,86,63,61,19,58,58,58,19,19,19,19,19,19,19,19,19,19,
20,2020-05-17 21:25:36.975578,N/A,BRBY,,N/A,N/A,N/A,N/A,N/A,5340000000.0,6090000000.0,15.23,,,1.92,426.58,2.19,10.98,12.86,16.92,11.03,27.72,2780000000.0,6.78,5.0,1860000000.0,554900000.0,357700000.0,86.6,13.9,715400000.0,1.75,1130000000.0,88.99,1.69,3.09,397480000.0,397480000.0,0.84,27.97,,362.0,17.0,370.13,813.73,2200000.0,1280000.0,404710000.0,406940000.0,,,,,,,,0.43,3.3,0.43,0.03,2.37,49.13,,,,,,,,,,,,,,,N/A,,,,,,,,,,67,72,44,20,20,37,54,43,34,41,50,11,18,60,43,61,53,52,36,40,45,43,33,67,38,22,66,55,47,44,44,,54,83,57,13,69,70,69,65,20,20,,,,,20,33,32,43,64,54,56,20,77,77,77,20,20,20,20,20,20,20,20,20,20,
21,2020-05-17 21:25:37.509752,N/A,CCL,,N/A,N/A,N/A,N/A,N/A,6290000000.0,19500000000.0,3.25,,,0.3,24.98,0.93,3.65,8.94,14.97,4.31,7.72,20940000000.0,30.45,2.5,7920000000.0,5350000000.0,1870000000.0,272.2,,1350000000.0,1.98,14430000000.0,59.42,0.27,35.46,5270000000.0,458500000.0,1.96,79.07,,79.0,581.0,898.92,445.82,3280000.0,2800000.0,182540000.0,526039999.99999994,,,,,,,,,,2.0,0.24,3.36,74.29,,8.94,8.94,8.94,,,,,,,,,,,N/A,,,,,,,,,,53,26,83,21,21,75,32,64,71,57,56,48,69,19,8,71,19,9,14,7,76,37,29,15,53,89,1,11,42,1,2,,89,22,7,51,55,49,86,58,21,21,,,,,21,65,65,4,1,37,25,21,41,41,41,21,21,21,21,21,21,21,21,21,21,
22,2020-05-17 21:25:38.007040,N/A,CNA,,N/A,N/A,N/A,N/A,N/A,2100000000.0,6780000000.0,,,,0.09,173.27,0.3,1.45,4.51,17.38,12.72,38.41,22670000000.0,3.94,0.9,6880000000.0,4680000000.0,1020000000.0,17.8,,1470000000.0,0.25,5340000000.0,297.66,0.93,0.21,1250000000.0,3150000000.0,1.11,62.32,,97.02,29.1,35.32,66.85,49820000.0,49050000.0,5840000000.0,5600000000.0,,,,,,,,,,0.01,0.04,8.55,,,4.51,4.51,4.51,,,,,,,,,,,N/A,,,,,,,,,,96,62,90,22,22,88,19,81,80,77,48,6,9,17,63,82,23,12,26,83,77,34,69,32,3,63,93,32,11,27,6,,86,79,95,88,6,3,9,9,22,22,,,,,22,66,66,94,48,0,93,22,54,54,54,22,22,22,22,22,22,22,22,22,22,
23,2020-05-17 21:25:38.524752,N/A,CCH,,N/A,N/A,N/A,N/A,N/A,6600000000.0,6890000000.0,12.65,,,,189.53,,,6.94,0.0,6.27,16.78,,,7.1,2650000000.0,,,143.3,26.9,,,,123.13,1.15,9.57,,,0.82,33.16,,94.0,393.1,905.87,349.67,1310000.0,991.32,364060000.0,189200000.0,,,,,,,,0.52,2.91,0.63,0.04,1.85,42.86,,,,,,,,,,,,,,,N/A,,,,,,,,,,51,60,49,23,23,91,21,91,86,63,89,36,40,91,91,45,39,86,91,26,31,90,90,91,27,44,22,87,86,46,40,,87,34,5,61,78,77,72,81,23,23,,,,,23,25,35,31,33,67,66,23,78,78,78,23,23,23,23,23,23,23,23,23,23,
24,2020-05-17 21:25:39.013272,N/A,CPG,,N/A,N/A,N/A,N/A,N/A,17310000000.0,23920000000.0,15.59,,,0.7,518.55,0.96,11.47,4.46,6.29,7.54,37.09,24880000000.0,15.69,8.8,6150000000.0,2080000000.0,1110000000.0,69.9,12.5,0.25,0.25,3880000000.0,115.32,0.76,2.1,1950000000.0,899880000.0,0.53,38.66,,150.0,20.62,267.6,680.03,7140000.0,4580000.0,1590000000.0,1580000000.0,,,,,,,,,,0.4,0.04,2.21,55.08,,4.46,4.46,4.46,,,,,,,,,,,N/A,,,,,,,,,,22,24,38,24,24,62,62,63,31,79,73,32,11,16,23,35,27,25,24,46,49,79,68,39,28,70,74,22,28,69,32,,81,81,70,23,31,34,31,31,24,24,,,,,24,67,67,49,51,61,47,24,56,56,56,24,24,24,24,24,24,24,24,24,24,
25,2020-05-17 21:25:39.500095,N/A,CRH,,N/A,N/A,N/A,N/A,N/A,17830000000.0,18560000000.0,5.49,,,,105.81,,,7.68,0.0,4.29,9.63,,,,8289999999.999999,,,413.5,,,,,60.31,1.61,21.47,,,0.96,8.26,,116.0,500.0,279.59,677.57,2840000.0,1790000.0,784820000.0,784580000.0,,,,,,,,0.73,3.16,0.8,0.03,2.3,36.09,,,,,,,,,,,,,,,N/A,,,,,,,,,,21,28,79,25,25,92,2,92,87,61,90,49,59,92,92,91,18,87,92,4,78,91,91,92,52,28,8,88,87,36,79,,83,26,69,24,60,62,54,50,25,25,,,,,25,21,33,27,59,56,72,25,79,79,79,25,25,25,25,25,25,25,25,25,25,
26,2020-05-17 21:25:39.967044,N/A,CRDA,,N/A,N/A,N/A,N/A,N/A,6360000000.0,6960000000.0,28.61,,,4.62,738.92,5.05,18.52,16.25,23.22,10.51,23.98,1380000000.0,10.63,3.1,512200000.00000006,375600000.0,223900000.0,172.4,10.2,81900000.0,0.63,629600000.0,72.48,1.69,6.68,303900000.0,150560000.0,0.68,4.4,,415.0,48.62,637.0,808.32,611.09,467.04,128889999.99999999,126960000.0,,,,,,,,1.01,2.07,0.9,0.02,1.95,52.03,,16.25,16.25,16.25,,,,,,,,,,,N/A,,,,,,,,,,52,58,13,26,26,15,76,21,13,27,31,13,25,77,32,68,85,58,47,22,55,61,53,72,44,24,35,59,66,55,90,,50,77,21,14,92,90,92,89,26,26,,,,,26,12,45,24,78,64,52,26,19,19,19,26,26,26,26,26,26,26,26,26,26,
27,2020-05-17 21:25:40.537162,N/A,DCC,,N/A,N/A,N/A,N/A,N/A,5600000000.0,6560000000.0,24.13,,,0.37,235.64,0.43,11.04,1.54,2.73,3.64,11.6,15120000000.0,153.91,1.4,1640000000.0,594260000.0,232280000.0,236.0,44.6,1680000000.0,17.04,2460000000.0,101.35,1.52,24.16,423890000.0,261100000.00000003,0.61,19.85,,558.3,463.0,438.21,18.95,513.42,294.37,98400000.0,95050000.0,,,,,,,,1.43,2.54,1.43,0.03,1.76,57.18,,1.54,1.54,1.54,,,,,,,,,,,N/A,,,,,,,,,,65,66,18,27,27,72,30,75,33,87,84,54,56,29,0,79,59,51,45,12,14,29,5,51,31,31,4,50,56,64,53,,42,27,48,95,94,94,94,92,27,27,,,,,27,6,41,11,54,71,41,27,61,61,61,27,27,27,27,27,27,27,27,27,27,
28,2020-05-17 21:25:41.064530,N/A,DGE,,N/A,N/A,N/A,N/A,N/A,64110000000.0,80160000000.0,21.46,,,4.87,859.07,6.09,17.85,23.17,31.73,8.18,31.47,13160000000.0,5.54,4.2,4490000000.0,4490000000.0,3050000000.0,127.8,5.6,0.4,0.4,13960000000.0,151.22,1.15,3.19,2930000000.0,1660000000.0,0.33,19.39,,633.5,50.6,668.84,939.45,6280000.0,3800000.0,2340000000.0,2350000000.0,,,,,,,,0.7,2.59,0.7,0.03,2.56,53.45,,23.17,23.17,23.17,,,,,,,,,,,N/A,,,,,,,,,,8,10,25,28,28,13,86,14,16,14,16,27,14,33,51,63,31,13,8,27,63,75,62,17,19,45,63,17,15,83,56,,35,75,19,2,34,40,22,24,28,28,,,,,28,22,39,29,63,52,49,28,9,9,9,28,28,28,28,28,28,28,28,28,28,
29,2020-05-17 21:25:41.603234,N/A,EZJ,,N/A,N/A,N/A,N/A,N/A,1980000000.0,2430000000.0,5.69,,,0.31,66.05,0.38,3.46,5.47,7.3,3.84,11.23,6380000000.0,16.25,8.8,1550000000.0,87.8,87.8,87.8,37.6,1580000000.0,3.99,1910000000.0,63.95,0.79,7.56,268750000.0,268750000.0,1.62,51.11,,570.0,410.0,575.51,111.28,4770000.0,4230000.0,254350000.0,254350000.0,,,,,,,,0.44,9.07,0.44,0.09,4.19,66.74,,5.47,5.47,5.47,,,,,,,,,,,N/A,,,,,,,,,,98,93,78,29,29,73,70,79,73,70,71,53,57,43,21,37,60,73,68,39,18,31,15,57,47,68,30,62,55,4,15,,39,32,31,86,43,37,79,76,29,29,,,,,29,32,7,42,14,25,32,29,49,49,49,29,29,29,29,29,29,29,29,29,29,
30,2020-05-17 21:25:42.059706,N/A,EVR,,N/A,N/A,N/A,N/A,N/A,3620000000.0,7610000000.0,11.35,,,0.3,216.29,0.64,3.02,2.74,15.71,12.16,18.88,11910000000.0,8.22,11.2,3630000000.0,2520000000.0,22.0,22.0,99.0,1420000000.0,0.98,4860000000.0,251.87,1.69,1.15,2430000000.0,1210000000.0,1.57,58.08,,710.2,200.6,250.16,330.78,4820000.0,2780000.0,1450000000.0,478840000.0,,,,,,,,0.9,37.34,1.15,0.48,,344.78,,,,,,,,,,,,,,,N/A,,,,,,,,,,88,51,55,30,30,74,28,70,76,85,53,8,34,36,38,25,35,19,80,78,0,35,44,33,6,23,86,18,23,5,7,,26,54,72,64,42,50,33,60,30,30,,,,,30,16,0,14,0,89,2,30,80,80,80,30,30,30,30,30,30,30,30,30,30,
31,2020-05-17 21:25:42.489543,N/A,EXPN,,N/A,N/A,N/A,N/A,N/A,21810000000.0,27690000000.0,30.09,,,4.37,937.89,5.55,17.86,14.56,24.32,9.18,31.92,4990000000.0,5.53,5.5,2080000000.0,1550000000.0,79.8,79.8,10.0,0.17,0.17,4370000000.0,188.52,0.44,2.56,1110000000.0,646500000.0,0.43,2.43,,926.0,823.5,343.88,490.49,2880000.0,1950000.0,908300000.0,900610000.0,,,,,,,,0.37,1.57,0.47,0.02,1.88,58.62,,,,,,,,,,,,,,,N/A,,,,,,,,,,17,22,10,31,31,18,92,18,15,32,28,20,13,48,52,58,51,32,69,41,56,81,73,35,14,83,72,34,35,79,92,,5,7,59,48,59,57,50,45,31,31,,,,,31,37,50,35,71,66,39,31,81,81,81,31,31,31,31,31,31,31,31,31,31,
32,2020-05-17 21:25:42.975685,N/A,FERG,,N/A,N/A,N/A,N/A,N/A,12740000000.0,16280000000.000002,13.17,,,0.58,312.02,0.74,9.02,4.47,6.97,8.27,23.54,22130000000.0,97.06,1.1,6460000000.0,1800000000.0,430.6,430.6,20.3,3.47,3.47,4190000000.0000005,101.97,1.52,18.17,1560000000.0,1120000000.0,0.96,7.82,,696.0,700.0,330.26,390.34,758.84,224720000.0,224720000.0,214030000.0,,,,,,,,,,1.45,0.02,2.32,48.33,,4.47,4.47,4.47,,,,,,,,,,,N/A,,,,,,,,,,30,30,47,32,32,66,43,68,44,78,72,26,26,18,1,81,25,29,58,3,37,67,16,37,30,32,10,26,24,35,80,,29,13,62,57,87,0,83,80,32,32,,,,,32,68,68,10,76,55,60,32,55,55,55,32,32,32,32,32,32,32,32,32,32,
33,2020-05-17 21:25:43.797121,N/A,FLTR,,N/A,N/A,N/A,N/A,N/A,14580000000.0,8400000000.0,56.53,,,6.81,202.36,3.92,19.75,6.73,7.83,1.98,2.66,2140000000.0000002,26.78,11.3,1490000000.0,425200000.0,179.2,179.2,40.8,108100000.0,1.36,541200000.0,12.92,0.41,50.06,419400000.0,249960000.0,0.44,75.75,,270.0,68.63,572.57,395.45,653.41,349.66,144810000.0,77630000.0,,,,,,,,,,1.97,0.02,2.18,109.77,,6.73,6.73,6.73,,,,,,,,,,,N/A,,,,,,,,,,26,49,4,33,33,7,25,26,12,66,70,76,90,69,10,24,62,57,63,19,17,58,38,75,82,84,0,53,57,75,3,,66,71,32,56,90,92,89,93,33,33,,,,,33,69,69,5,77,62,15,33,47,47,47,33,33,33,33,33,33,33,33,33,33,
34,2020-05-17 21:25:44.422859,N/A,FRES,,N/A,N/A,N/A,N/A,N/A,5440000000.0,5630000000.0,26.63,,,2.56,172.86,2.66,7.93,9.62,10.54,2.91,6.42,2120000000.0,2.88,13.0,461710000.0,709430000.0,27.7,27.7,11.7,336580000.0,0.46,813780000.0,24.82,6.37,4.27,435910000.0,8580000.0,0.2,5.7,,921.2,456.51,699.59,648.9,2240000.0,1080000.0,736890000.0,184240000.0,,,,,,,,0.12,1.69,0.14,0.02,1.68,69.79,,,,,,,,,,,,,,,N/A,,,,,,,,,,66,74,14,34,34,30,18,40,48,54,61,68,74,70,68,21,86,46,77,71,51,50,60,70,79,0,54,49,79,91,87,,6,29,17,28,68,75,58,83,34,34,,,,,34,51,49,73,73,72,29,34,82,82,82,34,34,34,34,34,34,34,34,34,34,
35,2020-05-17 21:25:45.052104,N/A,GSK,,N/A,N/A,N/A,N/A,N/A,82670000000.0,117480000000.0,15.4,,,2.35,626.30,3.34,11.71,15.29,25.96,7.78,50.81,35180000000.0,7.1,18.7,22970000000.0,10030000000.0,5380000000.0,107.0,88.6,4860000000.0,0.98,32009999999.999996,159.26,0.87,2.63,8320000000.0,3400000000.0,0.47,5.83,,857.0,328.19,615.96,681.17,13170000.0,10390000.0,5020000000.0,4920000000.0,,,,,,,,0.76,4.63,0.8,0.05,5.28,74.7,,15.29,15.29,15.29,,,,,,,,,,,N/A,,,,,,,,,,3,5,42,35,35,32,69,30,30,31,26,31,6,9,41,14,4,5,4,33,1,14,43,10,17,65,70,7,10,72,85,,10,40,24,22,20,19,10,11,35,35,,,,,35,20,19,26,23,12,23,35,23,23,23,35,35,35,35,35,35,35,35,35,35,
36,2020-05-17 21:25:45.504057,N/A,GLEN,,N/A,N/A,N/A,N/A,N/A,18820000000.0,53460000000.0,,,,0.09,46.29,0.25,5.36,0.19,0.75,0.8,3.56,215110000000.0,15.72,3.5,4610000000.0,9980000000.0,3.0,3.0,,2150000000.0,0.16,37070000000.0,94.48,1.06,3.05,8730000000.0,6190000000.0,1.74,50.0,,282.8,109.76,138.87,199.45,51690000.0,34280000.0,13320000000.0,9880000000.0,,,,,,,,0.15,12.82,0.2,0.15,,,,,,,,,,,,,,,,,N/A,,,,,,,,,,20,14,91,36,36,86,57,82,64,95,88,83,83,2,22,66,30,6,87,93,79,28,76,8,32,52,67,5,6,2,18,,64,65,82,77,5,7,5,5,36,36,,,,,36,49,3,64,3,90,94,36,83,83,83,36,36,36,36,36,36,36,36,36,36,
37,2020-05-17 21:25:45.972373,N/A,HLMA,,N/A,N/A,N/A,N/A,N/A,8140000000.000001,8780000000.0,45.12,,,6.36,761.28,6.86,29.57,14.09,18.22,9.03,18.07,1280000000.0,3.37,11.6,639700000.0,296900000.0,180200000.0,47.5,13.9,83200000.0,0.22,393600000.0,36.87,2.55,2.82,217800000.0,131400000.0,0.49,17.76,,275.0,660.0,51.94,56.98,1380000.0,987.84,379640000.0,377400000.0,,,,,,,,0.13,0.62,0.16,0.01,1.15,33.07,,14.09,14.09,14.09,,,,,,,,,,,N/A,,,,,,,,,,40,43,5,37,37,9,80,12,4,37,46,21,38,79,65,23,79,62,53,57,44,60,70,78,71,10,69,70,72,71,59,,65,15,92,90,77,78,71,67,37,37,,,,,37,50,55,71,87,81,75,37,28,28,28,37,37,37,37,37,37,37,37,37,37,
38,2020-05-17 21:25:46.540235,N/A,HL,,N/A,N/A,N/A,N/A,N/A,7750000000.0,6830000000.0,29.58,,,15.43,754.03,13.61,20.97,52.31,63.45,21.7,63.48,1.06,1.06,9.1,383300000.0,262600000.00000003,262600000.00000003,55.2,12.3,320700000.0,0.68,21900000.0,4.95,1.68,0.93,232700000.0,142660000.0,0.88,34.36,,437.0,147.0,473.75,670.31,2130000.0,1280000.0,474320000.0,322030000.0,,,,,,,,0.35,2.2,0.35,0.02,1.77,61.05,,52.31,52.31,52.31,,,,,,,,,,,N/A,,,,,,,,,,43,61,11,38,38,1,78,2,10,5,3,2,4,85,80,32,88,63,42,53,50,51,51,83,86,25,89,66,71,42,38,,49,61,42,26,71,69,65,71,38,38,,,,,38,39,44,53,70,70,37,38,3,3,3,38,38,38,38,38,38,38,38,38,38,
39,2020-05-17 21:25:46.988058,N/A,HSBA,,N/A,N/A,N/A,N/A,N/A,81400000000.0,143920000000.0,22.33,,,1.62,42.46,2.87,,10.1,33.33,0.23,3.2,50160000000.0,2.48,23.0,53340000000.0,,3620000000.0,17.9,50.8,997080000000.0,49.46,761450000000.0,,,9.41,,,0.57,38.7,,741.0,5.76,414.16,526.8,58120000.0,35930000.0,20370000000.0,19950000000.0,,,,,,,,,,0.2,0.05,6.15,165.18,,10.1,10.1,10.1,,,,,,,,,,,N/A,,,,,,,,,,4,1,23,39,39,43,53,36,88,50,15,92,85,5,70,11,1,88,5,82,12,0,1,0,93,94,24,89,88,66,31,,19,90,51,40,4,6,2,2,39,39,,,,,39,70,70,63,27,8,9,39,37,37,37,39,39,39,39,39,39,39,39,39,39,
40,2020-05-17 21:25:47.456732,N/A,HIK,,N/A,N/A,N/A,N/A,N/A,5950000000.0,6220000000.0,12.27,,,2.7,280.96,2.82,10.69,22.02,21.93,8.15,25.46,2210000000.0,9.12,6.3,1090000000.0,200.0,200.0,200.0,71.0,1.92,1.92,32.17,32.17,1.26,8.74,296120000.0,296120000.0,0.07,44.23,,581.0,553.0,308.1,3.48,741.09,927.16,242540000.0,132960000.00000001,,,,,,,,0.48,1.97,0.44,0.02,1.45,21.57,,22.02,22.02,22.02,,,,,,,,,,,N/A,,,,,,,,,,59,70,53,40,40,27,38,38,36,16,35,28,22,68,36,54,70,72,62,16,4,68,30,87,73,41,25,60,54,95,24,,38,25,65,96,88,79,80,87,40,40,,,,,40,28,47,41,74,78,81,40,10,10,10,40,40,40,40,40,40,40,40,40,40,
41,2020-05-17 21:25:47.934410,N/A,IMB,,N/A,N/A,N/A,N/A,N/A,15410000000.0,27370000000.0,15.39,,,0.95,311.67,1.69,7.3,6.23,17.13,5.37,17.97,16200000000.0,17.0,6.5,6240000000.0,3750000000.0,1010000000.0,105.8,62.3,2310000000.0,2.44,13660000000.0,244.63,0.89,5.22,3240000000.0,1320000000.0,0.42,27.68,,256.0,258.2,593.1,709.12,3510000.0,1860000.0,946410000.0,934660000.0,,,,,,,,2.88,18.21,2.07,0.13,6.27,182.87,,,,,,,,,,,,,,,N/A,,,,,,,,,,25,23,43,41,41,53,42,49,52,67,49,43,39,26,19,51,26,17,27,34,7,26,21,18,7,64,44,16,21,80,45,,68,47,28,17,53,59,48,43,41,41,,,,,41,1,2,2,7,5,7,41,84,84,84,41,41,41,41,41,41,41,41,41,41,
42,2020-05-17 21:25:48.416543,N/A,INF,,N/A,N/A,N/A,N/A,N/A,6220000000.0,8560000000.000001,23.0,,,2.15,91.80,2.96,9.14,7.8,20.99,3.48,4.13,2890000000.0,2.31,5.0,1210000000.0,936300000.0,225500000.0,18.0,64.2,195100000.0,0.16,2870000000.0,49.19,0.46,4.51,719600000.0,702210000.0,0.76,45.6,,900.8,326.7,431.71,673.24,7610000.0,4820000.0,1500000000.0,1250000000.0,,,,,,,,,,0.08,0.02,2.97,124.44,,,,,,,,,,,,,,,N/A,,,,,,,,,,55,47,21,42,42,35,90,35,43,60,37,56,81,59,72,59,66,40,46,81,6,55,77,45,63,82,50,41,34,48,22,,7,41,50,25,28,30,32,36,42,42,,,,,42,71,71,77,82,43,11,42,85,85,85,42,42,42,42,42,42,42,42,42,42,
43,2020-05-17 21:25:48.894245,N/A,IHG,,N/A,N/A,N/A,N/A,N/A,5910000000.0,9190000000.0,15.47,,,1.71,,2.66,10.41,11.14,24.22,12.97,,3460000000.0,18.89,7.3,1730000000.0,209.2,209.2,209.2,31.9,1.09,1.09,2840000000.0,,0.69,8.1,376880000.0,376880000.0,0.97,36.66,,770.0,161.0,445.01,347.1,1190000.0,822.93,182660000.0,174070000.0,,,,,,,,,,0.4,0.01,1.92,56.3,,11.14,11.14,11.14,,,,,,,,,,,N/A,,,,,,,,,,60,42,40,43,43,42,96,39,37,46,29,5,96,56,15,44,55,70,60,14,22,69,40,46,94,76,28,56,50,34,36,,16,58,44,62,79,81,85,84,43,43,,,,,43,72,72,48,89,65,43,43,33,33,33,43,43,43,43,43,43,43,43,43,43,
44,2020-05-17 21:25:49.398681,N/A,ICP,,N/A,N/A,N/A,N/A,N/A,3110000000.0,4200000000.0,15.17,,,6.8,216.49,9.19,,43.86,43.05,3.01,14.8,457400000.0,1.61,18.6,414300000.0,,200600000.0,70.6,16.5,407400000.0,1.43,1300000000.0,90.87,1.11,4.95,36600000.0,,1.64,11.88,,896.0,452.0,25.79,407.62,1700000.0,1120000.0,290450000.0,280790000.0,,,,,,,,0.5,4.71,0.5,0.05,3.44,63.74,,43.86,43.86,43.86,,,,,,,,,,,N/A,,,,,,,,,,92,87,45,44,44,8,29,7,89,6,7,67,47,81,76,15,87,89,51,45,39,48,36,63,35,49,47,79,89,3,69,,8,30,98,54,73,73,77,74,44,44,,,,,44,26,17,33,25,33,35,44,4,4,4,44,44,44,44,44,44,44,44,44,44,
45,2020-05-17 21:25:49.928868,N/A,IAG,,N/A,N/A,N/A,N/A,N/A,3370000000.0,3780000000.0,1.06,,,,42.03,,,0.15,0.0,,,,,13.8,7260000000.0,,,160.1,,,,,208.73,,4.03,,,1.55,66.52,,684.0,5.58,214.65,462.74,19710000.0,17370000.0,1990000000.0,1550000000.0,,,,,,,,,,0.34,0.2,,36.77,,,,,,,,,,,,,,,N/A,,,,,,,,,,90,89,86,45,45,93,52,93,90,96,93,98,97,93,93,19,22,90,93,24,80,92,92,93,9,95,56,90,90,6,5,,31,92,77,49,15,11,27,32,45,45,,,,,45,73,73,56,2,91,71,45,86,86,86,45,45,45,45,45,45,45,45,45,45,
46,2020-05-17 21:25:50.457240,N/A,ITRK,,N/A,N/A,N/A,N/A,N/A,7190000000.0,8500000000.0,23.15,,,2.41,750.63,2.85,13.67,10.48,16.91,11.58,35.23,2990000000.0,18.55,6.3,1670000000.0,622100000.0,313100000.0,192.6,14.8,227400000.0,1.41,1100000000.0,111.93,1.07,5.94,562800000.0,383900000.0,0.54,12.55,,178.0,56.22,727.21,323.02,547.11,295.16,161390000.0,158900000.0,,,,,,,,1.06,2.4,1.06,0.02,1.62,52.65,,,,,,,,,,,,,,,N/A,,,,,,,,,,45,48,20,46,46,31,77,37,25,48,51,9,12,58,16,55,57,49,38,17,42,54,37,68,29,51,38,45,49,68,67,,79,73,16,65,93,93,88,86,46,46,,,,,46,11,43,18,84,73,51,46,87,87,87,46,46,46,46,46,46,46,46,46,46,
47,2020-05-17 21:25:50.943135,N/A,ITV,,N/A,N/A,N/A,N/A,N/A,2820000000.0,3870000000.0,5.93,,,0.85,329.91,1.17,5.47,14.3,18.68,11.07,55.36,3310000000.0,0.83,13.2,749800000.0,11.8,11.8,11.8,11.0,0.06,0.06,1150000000.0,131.43,1.14,0.21,550880000.0,550880000.0,1.47,37.89,,165.9,50.06,69.95,115.45,25630000.0,14180000.0,4030000000.0000005,3950000000.0,,,,,,,,,,0.03,0.04,4.47,67.8,,14.3,14.3,14.3,,,,,,,,,,,N/A,,,,,,,,,,95,88,76,47,47,58,46,56,62,34,44,10,5,57,83,20,78,81,82,87,54,87,84,66,22,46,92,46,40,8,33,,80,76,91,85,11,15,13,14,47,47,,,,,47,74,74,88,52,21,31,47,25,25,25,47,47,47,47,47,47,47,47,47,47,
48,2020-05-17 21:25:51.469989,N/A,JD,,N/A,N/A,N/A,N/A,N/A,5060000000.0,7590000000.0,19.62,,,0.9,440.30,1.36,10.89,4.61,7.89,7.86,24.86,5590000000.0,5.75,47.4,2240000000.0,696900000.0,258100000.00000003,26.5,3.8,346600000.0,0.36,2470000000.0,200.92,0.94,1.18,621300000.0,299190000.0,1.29,16.58,,890.0,274.7,506.96,697.78,3820000.0,2550000.0,973230000.0,429280000.0,,,,,,,,,,0.02,0.0,0.46,6.45,,4.61,4.61,4.61,,,,,,,,,,,N/A,,,,,,,,,,69,52,28,48,48,54,55,51,35,76,69,30,24,45,50,5,45,47,43,73,66,49,63,50,12,62,85,43,53,15,61,,9,46,38,18,49,55,46,62,48,48,,,,,48,75,75,93,95,83,85,48,53,53,53,48,48,48,48,48,48,48,48,48,48,
49,2020-05-17 21:25:52.014875,N/A,JMAT,,N/A,N/A,N/A,N/A,N/A,3710000000.0,5260000000.0,9.59,,,0.29,135.26,0.42,7.4,3.06,4.37,5.96,14.56,12600000000.0,65.53,37.3,1020000000.0,200.2,200.2,200.2,13.7,0.59,0.59,1620000000.0,59.25,1.53,14.19,225500000.0,225500000.0,1.46,40.7,,410.0,614.0,904.0,551.81,923.7,511.05,193530000.0,188080000.0,,,,,,,,0.87,4.7,0.87,0.05,2.59,42.69,,3.06,3.06,3.06,,,,,,,,,,,N/A,,,,,,,,,,87,76,63,49,49,79,9,76,51,84,78,38,49,35,2,7,73,71,61,15,46,71,55,60,54,30,12,68,60,9,28,,51,19,6,37,84,89,84,82,49,49,,,,,49,18,18,25,30,51,67,49,59,59,59,49,49,49,49,49,49,49,49,49,49,
50,2020-05-17 21:25:52.538077,N/A,JET,,N/A,N/A,N/A,N/A,N/A,5270000000.0,5270000000.0,,,,,,,,27.77,0.0,2.1,18.17,,,86.4,304590000.0,,,,,,,,23.84,0.56,,,,0.72,13.94,,0.0,65.28,639.88,717.23,316.5,154.18,61190000.0,48530000.0,,,,,,,,,,,,,0.0,,,,,,,,,,,,,,,N/A,,,,,,,,,,68,75,92,50,50,94,97,94,91,10,96,74,37,94,94,3,92,91,94,98,81,93,93,94,80,81,98,91,91,50,65,,98,72,20,16,96,97,96,96,50,50,,,,,50,76,76,97,97,92,88,50,88,88,88,50,50,50,50,50,50,50,50,50,50,
51,2020-05-17 21:25:53.059298,N/A,LAND,,N/A,N/A,N/A,N/A,N/A,3880000000.0,8570000000.0,,,,5.19,40.32,11.46,16.97,41.18,66.98,2.23,3.1,1.01,1.01,2.4,41.6,41.6,41.6,41.6,,,,3800000000.0,39.62,0.41,12.98,234750000.0,234750000.0,1.3,40.06,,19.5,399.8,615.66,832.78,3800000.0,4310000.0,741470000.0,736230000.0,,,,,,,,,,0.46,0.09,4.2,,,41.18,41.18,41.18,,,,,,,,,,,N/A,,,,,,,,,,85,45,93,51,51,11,49,5,18,7,2,72,86,86,81,72,94,75,74,62,82,94,94,41,69,85,15,65,59,14,30,,97,33,26,11,50,36,57,53,51,51,,,,,51,77,77,37,15,24,95,51,5,5,5,51,51,51,51,51,51,51,51,51,51,
52,2020-05-17 21:25:53.543681,N/A,LGEN,,N/A,N/A,N/A,N/A,N/A,10990000000.0,3680000000.0,6.0,,,0.56,116.70,0.19,1.5,9.28,12.23,0.29,19.77,19770000000.0,3.33,24.0,3460000000.0,2450000000.0,1810000000.0,30.7,9.1,13920000000.0,2.35,5390000000.0,57.17,1.49,1.58,3280000000.0,1840000000.0,1.26,30.99,,324.7,117.3,197.24,258.53,28240000.0,16210000.0,5970000000.0,5770000000.0,,,,,,,,0.18,9.36,0.18,0.09,5.82,55.17,,9.28,9.28,9.28,,,,,,,,,,,N/A,,,,,,,,,,34,90,75,52,52,67,7,83,79,56,58,89,32,21,66,10,36,20,15,66,58,9,24,31,56,34,80,15,12,17,41,,61,63,79,71,9,12,8,8,52,52,,,,,52,47,6,68,13,9,46,52,40,40,40,52,52,52,52,52,52,52,52,52,52,
53,2020-05-17 21:25:54.028768,N/A,LLOY,,N/A,N/A,N/A,N/A,N/A,20080000000.0,37550000000.0,12.39,,,1.28,41.37,2.39,,14.05,19.36,0.27,4.65,15690000000.0,0.21,35.1,16980000000.0,,1740000000.0,2.3,60.0,170290000000.0,1.77,177600000000.0,,,0.69,,,1.1,51.91,,73.66,25.67,30.84,49.57,332840000.0,220520000.0,70450000000.0,91790000000.0,,,,,,,,,,0.01,0.04,4.3,46.67,,14.05,14.05,14.05,,,,,,,,,,,N/A,,,,,,,,,,18,17,52,53,53,48,50,42,92,38,41,91,78,28,88,8,9,92,16,94,8,4,32,4,95,96,90,92,92,28,14,,92,80,97,91,0,1,0,0,53,53,,,,,53,78,78,95,34,23,63,53,29,29,29,53,53,53,53,53,53,53,53,53,53,
54,2020-05-17 21:25:54.505644,N/A,LSE,,N/A,N/A,N/A,N/A,N/A,28210000000.0,28500000000.0,67.96,,,12.19,811.28,12.31,25.47,18.02,39.84,0.07,12.4,2310000000.0,6.63,9.2,2100000000.0,1120000000.0,118.1,118.1,26.9,1490000000.0,4.28,2310000000.0,60.69,1.0,9.89,772120000.0,772120000.0,0.54,50.99,,628.0,75.15,444.12,405.39,1100000.0,1040000.0,351450000.0,310830000.0,,,,,,,,1.26,1.26,0.7,0.01,1.09,53.6,,18.02,18.02,18.02,,,,,,,,,,,N/A,,,,,,,,,,14,21,2,54,54,4,83,4,5,23,9,95,52,64,46,31,50,36,65,31,30,33,14,54,51,58,21,39,32,67,16,,36,68,46,55,82,76,73,73,54,54,,,,,54,7,52,30,85,82,48,54,16,16,16,54,54,54,54,54,54,54,54,54,54,
55,2020-05-17 21:25:55.340923,N/A,MNG,,N/A,N/A,N/A,N/A,N/A,2840000000.0,5220000000.0,2.54,,,0.09,55.10,0.16,1.27,3.38,12.1,1.13,15.14,33159999999.999996,12.77,,6660000000.0,4099999999.9999995,1060000000.0,43.0,,6050000000.0,2.34,7860000000.0,153.17,5.02,1.98,8960000000.0,8960000000.0,,47.98,,395.0,86.4,127.96,197.71,15990000.0,8790000.0,2600000000.0,2570000000.0,,,,,,,,0.24,19.99,0.12,0.1,,0.0,,,,,,,,,,,,,,,N/A,,,,,,,,,,94,77,84,55,55,87,66,84,81,82,59,82,43,10,26,92,24,14,25,60,83,13,25,24,18,1,75,4,3,98,19,,53,67,83,78,16,21,20,21,55,55,,,,,55,43,1,74,12,93,87,55,89,89,89,55,55,55,55,55,55,55,55,55,55,
56,2020-05-17 21:25:56.118540,N/A,MGGT,,N/A,N/A,N/A,N/A,N/A,1990000000.0,2910000000.0,9.01,,,0.87,80.39,1.28,5.87,9.78,16.01,4.74,8.99,2280000000.0,2.94,6.8,797600000.0,222600000.0,222600000.0,28.3,87.4,157100000.0,0.2,1070000000.0000001,43.41,1.25,3.17,366900000.0,299410000.0,0.91,54.55,,701.8,196.15,259.22,519.31,5690000.0,5690000.0,780710000.0,771820000.0,,,,,,,,,,0.06,0.02,3.25,59.72,,,,,,,,,,,,,,,N/A,,,,,,,,,,97,92,66,56,56,57,82,53,61,53,52,45,63,65,67,47,77,66,48,69,3,57,71,69,66,42,64,57,52,38,10,,28,55,71,43,37,27,55,51,56,56,,,,,56,79,79,82,81,38,38,56,90,90,90,56,56,56,56,56,56,56,56,56,56,
57,2020-05-17 21:25:56.610970,N/A,MRO,,N/A,N/A,N/A,N/A,N/A,4269999999.9999995,8570000000.0,,,,0.39,56.72,0.78,6.51,0.55,4.14,1.5,0.7,10970000000.0,2.26,0.7,2230000000.0,1320000000.0,1.3,1.3,,0.06,0.06,4200000000.0,55.56,1.13,1.55,991750000.0,991750000.0,2.42,52.19,,309.4,72.0,91.29,186.75,27250000.0,17800000.0,4860000000.0,4510000000.0,,,,,,,,,,0.02,0.02,2.93,527.78,,0.55,0.55,0.55,,,,,,,,,,,N/A,,,,,,,,,,81,46,94,57,57,70,67,67,58,92,81,80,93,38,73,84,46,35,88,95,84,86,83,36,57,47,81,35,26,0,13,,62,70,90,80,10,10,11,12,57,57,,,,,57,80,80,92,83,46,1,57,66,66,66,57,57,57,57,57,57,57,57,57,57,
58,2020-05-17 21:25:57.163126,N/A,MNDI,,N/A,N/A,N/A,N/A,N/A,6290000000.0,6600000000.0,8.01,,,,169.04,,,11.17,0.0,8.63,20.61,,,6.8,3270000000.0,,,161.8,26.4,,,,51.9,1.05,7.67,,,0.82,22.58,,519.21,156.5,337.99,552.35,2410000.0,1810000.0,485550000.0,480200000.0,,,,,,,,,,0.75,0.06,3.01,48.75,,,,,,,,,,,,,,,N/A,,,,,,,,,,54,65,70,58,58,95,17,95,93,45,95,23,30,95,95,46,38,93,95,23,32,95,95,95,59,53,29,93,93,45,48,,44,60,60,36,64,61,64,59,58,58,,,,,58,81,81,28,20,41,58,58,91,91,91,58,58,58,58,58,58,58,58,58,58,
59,2020-05-17 21:25:57.672189,N/A,MRW,,N/A,N/A,N/A,N/A,N/A,4560000000.0,6930000000.0,13.17,,,0.26,99.89,0.4,6.95,1.98,3.03,3.19,7.59,17540000000.0,7.36,2.6,14.4,14.4,14.4,14.4,28.0,0.13,0.13,2760000000.0,60.87,0.39,1.9,30.402,30.402,0.27,8.95,,213.2,157.55,184.95,188.72,15320000.0,10690000.0,2410000000.0,2350000000.0,,,,,,,,0.07,3.55,0.07,0.04,3.56,46.26,,1.98,1.98,1.98,,,,,,,,,,,N/A,,,,,,,,,,78,59,46,59,59,80,93,78,56,86,83,64,71,23,40,70,97,80,81,86,29,82,78,47,49,87,76,81,81,89,76,,72,59,81,79,17,17,21,23,59,59,,,,,59,55,29,79,35,32,64,59,60,60,60,59,59,59,59,59,59,59,59,59,59,
60,2020-05-17 21:25:58.205666,N/A,NG,,N/A,N/A,N/A,N/A,N/A,32180000000.0,60790000000.0,21.32,,,2.16,165.55,4.09,12.2,9.9,22.68,3.32,7.62,14870000000.0,4.35,0.9,11830000000.0,4980000000.0,1460000000.0,43.0,8.8,3620000000.0,1.05,32790000000.0,172.43,0.7,5.54,4380000000.0,1310000000.0,0.15,10.81,,73.8,8.9,915.53,942.25,12810000.0,8330000.0,3510000000.0,3420000000.0,,,,,,,,0.48,5.28,0.48,0.05,5.0,110.87,,9.9,9.9,9.9,,,,,,,,,,,N/A,,,,,,,,,,13,12,26,60,60,34,15,25,28,52,34,61,70,30,61,83,16,10,22,61,59,20,42,9,15,75,41,12,22,94,73,,91,86,4,1,21,22,15,16,60,60,,,,,60,27,15,34,26,14,14,60,38,38,38,60,60,60,60,60,60,60,60,60,60,
61,2020-05-17 21:25:58.731713,N/A,NXT,,N/A,N/A,N/A,N/A,N/A,5880000000.0,8650000000.0,9.43,,,1.38,279.88,2.03,8.87,14.3,20.06,14.43,151.1,4269999999.9999995,33.02,2.1,1680000000.0,610200000.0,610200000.0,468.8,0.4,86600000.0,0.68,2500000000.0,565.39,2.06,3.45,927200000.0,572200000.0,1.09,21.15,,358.0,311.0,465.79,995.98,802.27,622.26,132949999.99999999,120980000.0,,,,,,,,,,1.74,0.04,2.96,35.73,,14.3,14.3,14.3,,,,,,,,,,,N/A,,,,,,,,,,61,44,64,61,61,47,36,45,45,33,39,3,2,52,6,74,56,50,32,2,70,59,52,49,0,16,62,36,38,30,50,,55,43,43,0,86,85,91,91,61,61,,,,,61,82,82,7,36,45,73,61,24,24,24,61,61,61,61,61,61,61,61,61,61,
62,2020-05-17 21:25:59.232631,N/A,OCDO,,N/A,N/A,N/A,N/A,N/A,13950000000.0,12880000000.0,,,,7.94,301.27,7.33,319.64,12.13,5.18,3.12,26.23,1760000000.0,2.42,8.8,597300000.0,40300000.0,213100000.0,29.4,,753400000.0,1.08,608200000.0,57.47,2.2,1.5,51700000.0,165390000.0,0.93,58.06,,130.0,994.01,585.47,313.29,3060000.0,2740000.0,713870000.0,444460000.0,,,,,,,,,,,,,0.0,,,,,,,,,,,,,,,N/A,,,,,,,,,,27,34,95,62,62,5,41,11,0,42,75,65,21,75,71,36,82,69,49,68,85,42,41,73,55,14,82,78,62,37,8,,82,1,29,66,58,52,60,61,62,62,,,,,62,83,83,98,98,94,86,62,92,92,92,62,62,62,62,62,62,62,62,62,62,
63,2020-05-17 21:25:59.730410,N/A,PSON,,N/A,N/A,N/A,N/A,N/A,3200000000.0,4760000000.0,12.5,,,0.83,76.74,1.23,9.16,6.82,9.69,3.01,6.01,3870000000.0,4.98,9.9,2009999999.9999998,34.0,34.0,34.0,45.8,0.58,0.58,1700000000.0,39.39,2.13,5.54,244500000.0,244500000.0,0.46,47.1,,951.2,6.87,480.44,577.1,4360000.0,3420000.0,752400000.0,771140000.0,,,,,,,,0.2,4.6,0.19,0.05,4.61,55.88,,6.82,6.82,6.82,,,,,,,,,,,N/A,,,,,,,,,,91,79,51,63,63,59,79,55,42,65,64,66,75,53,55,28,52,76,75,64,13,72,56,59,70,15,42,63,58,73,20,,2,89,41,33,47,42,56,52,63,63,,,,,63,46,20,65,28,17,44,63,46,46,46,63,63,63,63,63,63,63,63,63,63,
64,2020-05-17 21:26:00.300023,N/A,PNN,,N/A,N/A,N/A,N/A,N/A,4690000000.0,8150000000.0,20.12,,,3.27,291.37,5.68,14.98,16.75,24.2,3.42,14.97,1430000000.0,3.42,4.6,1370000000.0,544200000.0,233400000.0,55.4,15.1,319100000.0,0.76,3860000000.0,240.1,2.31,3.83,88360000.0,88360000.0,0.18,56.37,,589.5,693.4,92.32,45.39,1780000.0,1100000.0,421030000.0,419320000.0,,,,,,,,0.42,3.82,0.42,0.04,4.44,74.12,,16.75,16.75,16.75,,,,,,,,,,,N/A,,,,,,,,,,76,50,27,64,64,24,39,17,23,25,30,57,45,76,64,62,63,54,44,52,41,52,49,40,8,12,59,77,76,92,9,,37,14,89,92,72,74,68,63,64,64,,,,,64,34,27,44,38,22,26,64,17,17,17,64,64,64,64,64,64,64,64,64,64,
65,2020-05-17 21:26:00.810886,N/A,PSN,,N/A,N/A,N/A,N/A,N/A,6690000000.0,6440000000.0,7.88,,,1.83,205.30,1.76,6.17,23.26,28.23,14.09,26.31,3650000000.0,11.47,0.3,1130000000.0,1040000000.0,848800000.0,266.3,6.4,843900000.0,2.65,8900000.0,0.27,4.08,10.22,442820000.0,442820000.0,1.15,0.15,,328.0,367.5,50.76,499.67,2400000.0,1480000.0,318930000.0,313260000.0,,,,,,,,,,,,,88.25,,23.26,23.26,23.26,,,,,,,,,,,N/A,,,,,,,,,,50,67,71,65,65,39,26,48,60,13,19,4,20,55,29,87,68,39,29,8,62,40,20,85,89,3,20,48,43,23,96,,60,38,93,45,65,66,75,72,65,65,,,,,65,84,84,99,99,95,19,65,8,8,8,65,65,65,65,65,65,65,65,65,65,
66,2020-05-17 21:26:01.405475,N/A,PHNX,,N/A,N/A,N/A,N/A,N/A,4150000000.0000005,2300000000.0,66.91,,,0.14,78.52,0.08,3.05,0.29,2.5,0.19,2.01,29110000000.0,40.44,,2570000000.0,8.6,8.6,8.6,88.1,4720000000.0,6.55,2350000000.0,41.94,0.18,7.33,8670000000.0,8670000000.0,0.78,16.73,,806.0,459.05,579.94,686.16,2200000.0,1410000.0,721530000.0,715280000.0,,,,,,,,0.47,8.23,0.47,0.08,6.47,544.19,,0.29,0.29,0.29,,,,,,,,,,,N/A,,,,,,,,,,83,94,3,66,66,84,81,88,75,94,86,94,91,12,3,93,40,82,85,91,2,16,11,53,67,90,33,6,5,47,60,,12,28,30,20,70,68,59,54,66,66,,,,,66,29,8,36,16,4,0,66,68,68,68,66,66,66,66,66,66,66,66,66,66,
67,2020-05-17 21:26:01.916678,N/A,POLY,,N/A,N/A,N/A,N/A,N/A,7950000000.0,9260000000.0,16.68,,,3.54,410.98,4.12,8.7,21.37,36.15,12.56,28.85,2250000000.0,4.78,,1180000000.0,1060000000.0,101.0,101.0,,0.55,0.55,1760000000.0,90.42,2.76,4.1,116620000.0,116620000.0,0.17,99.62,,728.5,812.8,555.62,303.14,2370000.0,1790000.0,471790000.0,264190000.0,,,,,,,,0.68,4.17,0.62,0.04,2.96,49.56,,,,,,,,,,,,,,,N/A,,,,,,,,,,42,41,34,67,67,21,51,24,46,17,13,7,16,66,57,94,67,38,66,36,86,73,57,58,36,7,55,74,74,93,1,,22,8,34,67,66,63,66,75,67,67,,,,,67,23,24,32,32,44,55,67,93,93,93,67,67,67,67,67,67,67,67,67,67,
68,2020-05-17 21:26:02.376593,N/A,PRU,,N/A,N/A,N/A,N/A,N/A,27380000000.0,42520000000.0,34.75,,,0.29,139.71,0.45,14.98,0.83,2.72,0.29,9.38,93740000000.0,36.23,159.0,7770000000.0,2840000000.0,1940000000.0,30.2,,3930000000.0,1.51,17140000000.0,87.14,1.36,7.51,5900000000.0,93250000000.0,1.15,36.95,,795.0,12.37,46.41,257.98,10060000.0,5440000.0,2610000000.0,2560000000.0,,,,,,,,0.37,3.61,0.46,0.04,2.84,85.18,,0.83,0.83,0.83,,,,,,,,,,,N/A,,,,,,,,,,15,15,7,68,68,78,11,74,22,91,85,88,61,3,5,0,21,18,13,67,87,19,35,13,40,38,31,10,0,24,35,,14,84,94,72,25,29,19,22,68,68,,,,,68,38,28,39,39,49,20,68,65,65,65,68,68,68,68,68,68,68,68,68,68,
69,2020-05-17 21:26:02.879930,N/A,RB,,N/A,N/A,N/A,N/A,N/A,49950000000.0,57980000000.0,,,,3.89,533.20,4.51,15.4,28.67,26.19,6.0,22.93,12850000000.0,18.13,,7780000000.0,3760000000.0,2780000000.0,519.7,,1550000000.0,2.18,12300000000.0,130.8,0.56,13.19,1410000000.0,1770000000.0,0.23,11.36,,191.3,130.0,444.35,145.42,2300000.0,1410000.0,710090000.0,702990000.0,,,,,,,,2.03,2.91,1.75,0.03,2.4,,,,,,,,,,,,,,,,N/A,,,,,,,,,,10,13,96,69,69,19,65,22,19,9,22,37,27,34,17,95,20,16,9,0,88,32,28,19,23,80,14,30,14,90,71,,77,62,45,83,67,67,61,55,69,69,,,,,69,4,36,6,57,53,96,69,94,94,94,69,69,69,69,69,69,69,69,69,69,
70,2020-05-17 21:26:03.404051,N/A,REL,,N/A,N/A,N/A,N/A,N/A,34430000000.0,42220000000.0,23.19,,,4.37,590.54,5.36,17.6,19.11,26.0,9.21,66.34,7870000000.0,4.05,3.8,5120000000.0,2400000000.0,1500000000.0,76.9,2.4,0.07,0.07,6420000000.0,293.11,0.41,1.12,2089999999.9999998,1370000000.0,0.29,1.63,,109.0,382.86,787.31,861.18,6250000.0,3160000.0,1930000000.0,1920000000.0,,,,,,,,0.46,2.57,0.46,0.03,2.3,56.31,,19.11,19.11,19.11,,,,,,,,,,,N/A,,,,,,,,,,11,16,19,70,70,17,68,19,17,19,25,19,3,40,62,64,28,21,20,43,69,85,82,27,4,86,87,20,20,87,94,,84,35,13,6,35,44,28,27,70,70,,,,,70,30,40,38,56,57,42,70,12,12,12,70,70,70,70,70,70,70,70,70,70,
71,2020-05-17 21:26:03.906950,N/A,RTO,,N/A,N/A,N/A,N/A,N/A,8700000000.0,9930000000.0,30.86,,,3.2,862.32,3.66,20.01,10.45,10.82,5.67,30.93,2710000000.0,1.47,9.2,2150000000.0,496100000.0,283800000.0,15.2,,311400000.0,0.17,1360000000.0,135.75,1.01,0.54,462900000.0,312860000.0,0.61,19.45,,535.2,247.7,434.47,450.28,8060000.000000001,3660000.0,1850000000.0,1820000000.0,,,,,,,,,,0.05,0.01,1.31,30.64,,10.45,10.45,10.45,,,,,,,,,,,N/A,,,,,,,,,,39,40,9,71,71,25,88,28,11,49,60,42,15,61,77,30,48,55,41,85,89,53,74,62,20,54,91,47,51,63,55,,43,48,49,50,27,41,30,29,71,71,,,,,71,85,85,84,88,79,76,71,35,35,35,71,71,71,71,71,71,71,71,71,71,
72,2020-05-17 21:26:04.450018,N/A,RIO,,N/A,N/A,N/A,N/A,N/A,65530000000.0,68510000000.00001,8.04,,,1.52,156.69,1.59,3.65,18.56,31.14,9.4,14.67,43160000000.0,26.48,8.9,16200000000.0,18760000000.0,8010000000.0,487.8,58.1,10640000000.0,6.57,14120000000.0,31.2,1.55,25.03,14910000000.0,8830000000.0,0.62,19.66,,39.0,954.0,732.93,36.81,4420000.0,2610000.0,1250000000.0,1420000000.0,,,,,,,,3.01,8.01,3.98,0.11,5.55,67.92,,18.56,18.56,18.56,,,,,,,,,,,N/A,,,,,,,,,,7,11,69,72,72,46,14,50,72,22,17,18,48,8,11,34,10,3,2,1,10,10,10,16,74,29,3,3,4,62,54,,94,2,15,93,46,54,37,33,72,72,,,,,72,0,9,0,8,11,30,72,15,15,15,72,72,72,72,72,72,72,72,72,72,
73,2020-05-17 21:26:04.957262,N/A,RMV,,N/A,N/A,N/A,N/A,N/A,4380000000.0,4530000000.0,25.74,,,15.15,680.85,15.67,21.04,59.83,73.98,165.3,641.97,289320000.0,0.33,6.4,289320000.0,215430000.0,173090000.0,19.5,5.5,36260000.0,0.04,12210000.0,29.53,1.43,0.05,184220000.0,143930000.0,0.67,12.15,,710.6,373.1,489.4,588.21,3640000.0,3140000.0,873100000.0,866150000.0,,,,,,,,,,0.03,0.01,1.15,34.89,,59.83,59.83,59.83,,,,,,,,,,,N/A,,,,,,,,,,79,83,16,73,73,2,72,1,9,3,0,0,0,83,87,52,93,67,54,80,64,63,86,84,75,37,95,73,70,58,68,,25,37,39,31,51,45,52,49,73,73,,,,,73,86,86,87,92,80,74,73,2,2,2,73,73,73,73,73,73,73,73,73,73,
74,2020-05-17 21:26:05.443286,N/A,RR,,N/A,N/A,N/A,N/A,N/A,4820000000.0,6750000000.0,,,,0.29,,0.41,32.43,7.93,4.8,1.55,,16590000000.0,8.71,5.6,1320000000.0,1320000000.0,1320000000.0,69.1,,4510000000.0,2.35,5730000000.0,,1.07,1.76,2300000000.0,620120000.0,1.04,73.76,,945.6,235.5,309.56,569.46,15170000.0,15520000.0,1930000000.0,1880000000.0,,,,,,,,,,0.05,0.02,1.82,,,7.93,7.93,7.93,,,,,,,,,,,N/A,,,,,,,,,,73,64,97,74,74,76,98,77,3,59,77,79,98,24,37,56,65,34,23,47,90,17,23,29,96,50,78,19,37,32,4,,3,51,64,35,18,14,29,28,74,74,,,,,74,87,87,83,80,68,97,74,43,43,43,74,74,74,74,74,74,74,74,74,74,
75,2020-05-17 21:26:06.005006,N/A,RBS,,N/A,N/A,N/A,N/A,N/A,12630000000.0,103980000000.0,4.64,,,1.06,28.55,8.73,,26.24,22.88,0.43,7.33,11910000000.0,0.99,20.0,12500000000.0,,2710000000.0,22.5,51.3,380970000000.0,31.55,263250000000.0,,,3.66,,,1.48,52.66,,265.0,2.23,110.6,185.3,30800000.0,19300000.0,12090000000.0,4460000000.0,,,,,,,,,,0.02,0.02,,8.89,,26.24,26.24,26.24,,,,,,,,,,,N/A,,,,,,,,,,32,8,81,75,75,50,37,8,94,11,33,86,72,37,82,13,15,94,10,76,11,2,3,2,97,97,60,94,94,7,11,,67,97,86,81,8,9,6,13,75,75,,,,,75,88,88,91,79,96,83,75,6,6,6,75,75,75,75,75,75,75,75,75,75,
76,2020-05-17 21:26:06.857031,N/A,RDSA,,N/A,N/A,N/A,N/A,N/A,94360000000.0,180260000000.0,10.04,,,0.29,53.46,0.56,4.3,3.06,5.12,2.55,5.34,321170000000.0,40.27,28.3,65459999999.99999,41960000000.0,9820000000.0,122.3,,21810000000.0,2.79,95060000000.0,51.84,1.12,22.97,48400000000.0,19880000000.0,0.91,52.58,,637.5,3.05,382.52,859.98,20370000.0,10650000.0,4099999999.9999995,7640000000.0,,,,,,,,0.52,4.34,1.57,0.13,6.72,152.61,,,,,,,,,,,,,,,N/A,,,,,,,,,,2,0,60,76,76,77,64,72,69,83,76,69,77,0,4,9,0,0,0,30,91,6,19,5,60,48,7,0,1,39,12,,34,96,54,7,13,18,12,7,76,76,,,,,76,24,21,9,6,2,10,76,95,95,95,76,76,76,76,76,76,76,76,76,76,
77,2020-05-17 21:26:07.401097,N/A,RSA,,N/A,N/A,N/A,N/A,N/A,3740000000.0,4610000000.0,11.12,,,0.54,92.19,0.67,6.97,5.2,9.08,1.95,8.91,6910000000.0,6.7,2.2,32.5,32.5,32.5,32.5,65.8,0.9,0.9,1180000000.0,27.11,0.68,3.92,13500000.0,13500000.0,0.63,35.69,,736.84,321.2,372.06,493.36,5050000.0,3960000.0,1030000000.0,889500000.0,,,,,,,,,,0.08,0.02,2.71,65.23,,5.2,5.2,5.2,,,,,,,,,,,N/A,,,,,,,,,,86,82,57,77,77,68,91,69,54,72,65,77,65,42,44,73,95,77,76,65,5,70,46,65,77,77,58,80,78,61,37,,20,42,56,46,41,39,43,47,77,77,,,,,77,89,89,78,75,50,33,77,50,50,50,77,77,77,77,77,77,77,77,77,77,
78,2020-05-17 21:26:07.902438,N/A,SGE,,N/A,N/A,N/A,N/A,N/A,6970000000.0,7390000000.0,26.3,,,3.6,462.85,3.82,15.29,13.74,22.99,8.34,18.79,1940000000.0,1.78,3.4,1800000000.0,24.3,24.3,24.3,30.0,0.34,0.34,50.86,50.86,0.71,1.38,30.402,30.402,0.66,16.27,,826.0,7.32,615.72,695.41,4270000.0,4390000.0,1090000000.0,1080000000.0,,,,,,,,0.17,2.76,0.17,0.03,2.26,55.28,,13.74,13.74,13.74,,,,,,,,,,,N/A,,,,,,,,,,46,54,15,78,78,20,58,27,20,39,32,25,35,72,74,67,54,78,78,74,26,76,64,86,62,73,83,82,82,59,62,,11,88,25,19,48,35,41,40,78,78,,,,,78,48,37,69,65,60,45,78,30,30,30,78,78,78,78,78,78,78,78,78,78,
79,2020-05-17 21:26:08.297519,N/A,SBRY,,N/A,N/A,N/A,N/A,N/A,4150000000.0000005,10590000000.0,32.28,,,0.14,53.18,0.37,6.47,0.52,3.38,2.19,1.95,28990000000.0,13.13,0.2,2290000000.0,1640000000.0,5.8,5.8,,1010000000.0,0.46,7350000000.0,92.93,0.63,3.52,1370000000.0,1800000000.0,0.39,5.74,,236.7,171.19,199.71,208.8,14470000.0,9720000.0,2220000000.0,1690000000.0,,,,,,,,,,0.03,0.02,4.52,193.1,,0.52,0.52,0.52,,,,,,,,,,,N/A,,,,,,,,,,82,38,8,79,79,85,63,80,59,93,82,73,92,13,25,88,43,30,86,92,92,39,61,25,33,79,61,31,13,82,86,,70,56,78,76,19,20,25,30,79,79,,,,,79,90,90,90,66,20,5,79,67,67,67,79,79,79,79,79,79,79,79,79,79,
80,2020-05-17 21:26:08.820480,N/A,SDR,,N/A,N/A,N/A,N/A,N/A,8900000000.0,3340000000.0,15.5,,,3.42,199.01,1.28,4.51,19.02,26.1,2.08,13.27,2610000000.0,9.44,2.6,2120000000.0,741500000.0,495700000.0,175.8,13.5,4800000000.0,17.51,425300000.0,11.05,1.5,13.69,421540000.0,421540000.0,1.14,11.71,,465.0,711.0,600.44,0.11,624.88,395.16,282500000.0,128889999.99999999,,,,,,,,1.14,4.22,1.14,0.04,3.36,64.85,,19.02,19.02,19.02,,,,,,,,,,,N/A,,,,,,,,,,37,91,39,80,80,22,23,52,68,20,24,75,51,62,34,69,49,44,34,21,48,15,4,77,83,33,13,52,46,26,70,,47,12,27,98,91,91,78,88,80,80,,,,,80,9,23,15,41,36,34,80,13,13,13,80,80,80,80,80,80,80,80,80,80,
81,2020-05-17 21:26:09.361920,N/A,SMT,,N/A,N/A,N/A,N/A,N/A,10290000000.0,,,,,,,,,,,,,,,,951720000.0,,,,,,,,,,,,,,,,717.07,4.98,628.16,578.63,4430000.0,4710000.0,,,,,,,,,,,,0.03,0.0,,,,,,,,,,,,,,,,,N/A,,,,,,,,,,35,99,98,81,81,96,99,96,95,99,99,99,99,96,96,96,74,95,96,99,93,96,96,96,98,98,99,95,95,99,99,,23,93,22,32,45,33,99,99,81,81,,,,,81,91,91,86,94,97,98,81,96,96,96,81,81,81,81,81,81,81,81,81,81,
82,2020-05-17 21:26:09.810797,N/A,SGRO,,N/A,N/A,N/A,N/A,N/A,8820000000.0,10900000000.0,10.09,,,20.39,113.65,25.2,41.62,198.36,59.77,1.68,12.09,432500000.0,0.4,21.7,308600000.0,261899999.99999997,857900000.0,78.9,8.6,0.12,0.12,2020000000.0,26.33,1.01,7.0,210300000.0,145340000.0,0.64,10.78,,945.16,641.8,802.81,847.83,4550000.0,3110000.0,1110000000.0,1090000000.0,,,,,,,,0.21,2.62,0.21,0.03,3.02,24.78,,198.36,198.36,198.36,,,,,,,,,,,N/A,,,,,,,,,,38,37,59,82,82,0,5,0,1,0,4,78,53,82,85,12,90,64,28,42,60,83,79,56,78,56,34,71,68,60,74,,4,16,10,8,44,46,40,39,82,82,,,,,82,45,38,62,53,40,79,82,0,0,0,82,82,82,82,82,82,82,82,82,82,
83,2020-05-17 21:26:10.314812,N/A,SVT,,N/A,N/A,N/A,N/A,N/A,5700000000.0,12020000000.0,19.17,,,3.16,463.26,6.67,13.79,16.46,30.32,3.38,25.31,1800000000.0,7.61,1.8,599200000.0,871900000.0,296900000.0,125.0,11.1,23800000.0,0.1,6300000000.0,512.27,0.67,5.17,795700000.0,429810000.0,0.44,23.73,,716.0,899.5,333.09,411.58,1120000.0,562.78,237960000.0,235660000.0,,,,,,,,0.96,4.04,0.96,0.04,4.01,74.7,,16.46,16.46,16.46,,,,,,,,,,,N/A,,,,,,,,,,64,35,31,83,83,26,59,13,24,26,18,59,23,74,39,77,81,42,40,28,53,65,80,28,1,78,45,38,44,77,47,,24,4,61,53,81,86,82,78,83,83,,,,,83,14,25,22,42,26,24,83,18,18,18,83,83,83,83,83,83,83,83,83,83,
84,2020-05-17 21:26:10.957900,N/A,SN,,N/A,N/A,N/A,N/A,N/A,13340000000.0,16250000000.0,22.3,,,2.6,259.26,3.16,11.97,11.68,18.59,6.88,11.98,5140000000.0,5.88,7.7,3810000000.0,1360000000.0,68.4,68.4,25.2,0.32,0.32,2049999999.9999998,39.82,2.06,5.88,1170000000.0,640250000.0,0.3,7.28,,23.0,55.01,531.32,681.44,3570000.0,2640000.0,874750000.0,869790000.0,,,,,,,,0.3,1.99,0.38,0.02,1.78,53.06,,11.68,11.68,11.68,,,,,,,,,,,N/A,,,,,,,,,,28,31,24,84,84,29,34,32,29,44,45,34,54,46,48,41,33,33,71,48,36,77,65,55,68,17,39,33,36,86,82,,96,74,36,21,52,53,51,48,84,84,,,,,84,41,46,51,72,69,50,84,32,32,32,84,84,84,84,84,84,84,84,84,84,
85,2020-05-17 21:26:11.479312,N/A,SMDS,,N/A,N/A,N/A,N/A,N/A,4050000000.0,6780000000.0,12.83,,,0.64,127.02,1.08,7.72,5.01,8.64,4.13,9.47,6290000000.0,4.59,3.7,23.0,23.0,23.0,23.0,31.5,0.32,0.32,2940000000.0,92.09,0.85,2.32,1420000000.0,1420000000.0,0.9,8.32,,397.8,244.8,294.26,341.81,7410000.0,4710000.0,1370000000.0,1320000000.0,,,,,,,,,,0.16,0.06,3.43,73.14,,5.01,5.01,5.01,,,,,,,,,,,N/A,,,,,,,,,,84,63,48,85,85,64,8,57,49,74,67,50,60,44,59,65,96,79,79,75,23,78,67,44,34,66,73,29,18,41,78,,52,49,67,63,30,32,34,34,85,85,,,,,85,92,92,72,21,34,27,85,52,52,52,85,85,85,85,85,85,85,85,85,85,
86,2020-05-17 21:26:12.046357,N/A,SMIN,,N/A,N/A,N/A,N/A,N/A,4800000000.0,6260000000.0,19.28,,,1.85,216.13,2.41,12.31,9.59,15.53,5.07,4.54,2600000000.0,6.55,8.5,1070000000.0000001,62.8,62.8,62.8,20.0,0.52,0.52,1500000000.0,66.83,2.76,5.6,30.402,30.402,0.71,20.89,,246.4,790.0,192.91,492.26,1630000.0,749.31,396210000.0,395420000.0,,,,,,,,,,0.32,0.03,3.12,185.83,,9.59,9.59,9.59,,,,,,,,,,,N/A,,,,,,,,,,74,69,30,86,86,38,27,41,27,55,54,44,79,63,47,39,71,74,73,51,38,74,58,61,46,6,40,83,80,52,51,,69,10,80,47,74,82,70,66,86,86,,,,,86,93,93,57,55,39,6,86,39,39,39,86,86,86,86,86,86,86,86,86,86,
87,2020-05-17 21:26:12.516832,N/A,SKG,,N/A,N/A,N/A,N/A,N/A,5850000000.0,5940000000.0,9.32,,,,200.05,,,5.26,0.0,6.71,16.45,,,2.0,,,,262.9,,,,,123.25,1.21,12.25,,,1.05,11.2,,38.0,831.0,360.65,614.14,671.14,514.27,238570000.0,234300000.0,,,,,,,,,,1.05,0.04,2.86,50.05,,,,,,,,,,,,,,,N/A,,,,,,,,,,62,73,65,87,87,97,24,97,96,71,91,35,41,97,97,76,99,96,97,9,94,97,97,97,26,43,16,96,96,31,72,,95,6,58,29,89,88,81,79,87,87,,,,,87,94,94,19,43,48,54,87,97,97,97,87,87,87,87,87,87,87,87,87,87,
88,2020-05-17 21:26:13.012031,N/A,SPX,,N/A,N/A,N/A,N/A,N/A,6730000000.0,7240000000.0,40.48,,,5.42,814.64,5.82,23.97,13.41,20.42,9.76,20.96,1240000000.0,16.86,7.5,938700000.0,301900000.0,166600000.0,225.5,37.5,168500000.0,2.29,502600000.0,60.83,2.55,11.2,227400000.0,152150000.0,0.74,2.86,,694.0,220.0,620.38,745.83,230.43,204.05,73670000.0,72870000.0,,,,,,,,1.1,1.24,1.1,0.01,1.53,45.68,,13.41,13.41,13.41,,,,,,,,,,,N/A,,,,,,,,,,48,56,6,88,88,10,84,15,6,40,38,16,28,80,20,42,75,61,55,13,19,56,26,76,50,9,19,67,64,49,91,,30,52,23,15,97,96,95,94,88,88,,,,,88,10,53,16,91,76,65,88,31,31,31,88,88,88,88,88,88,88,88,88,88,
89,2020-05-17 21:26:13.472156,N/A,SSE,,N/A,N/A,N/A,N/A,N/A,12720000000.0,22670000000.0,9.96,,,1.8,261.99,3.21,9.8,18.58,17.6,3.4,37.96,7070000000.0,6.87,8.0,1540000000.0,2310000000.0,1710000000.0,122.9,,0.09,0.09,10030000000.0,208.36,0.82,4.67,1450000000.0,149010000.0,0.44,18.33,,703.0,997.8,222.25,375.79,5540000.0,2760000.0,1040000000.0,1020000000.0,,,,,,,,0.92,7.5,0.92,0.07,6.81,58.1,,18.58,18.58,18.58,,,,,,,,,,,N/A,,,,,,,,,,31,25,62,89,89,40,35,31,38,21,47,58,10,41,42,40,61,23,17,29,95,84,81,21,10,67,49,28,67,74,58,,27,0,75,58,39,51,42,41,89,89,,,,,89,15,10,23,19,1,40,89,14,14,14,89,89,89,89,89,89,89,89,89,89,
90,2020-05-17 21:26:13.943567,N/A,STAN,,N/A,N/A,N/A,N/A,N/A,12210000000.0,1850000000.0,8.08,,,0.87,25.27,0.13,,14.27,25.47,0.28,4.03,14050000000.0,4.36,12.0,14510000000.0,,1560000000.0,47.9,36.9,232060000000.0,73.74,215400000000.0,,,15.32,,,1.41,42.67,,742.6,373.9,409.96,588.93,11410000.0,5630000.0,3160000000.0,2590000000.0,,,,,,,,,,0.07,0.02,,14.55,,14.27,14.27,14.27,,,,,,,,,,,N/A,,,,,,,,,,33,96,68,90,90,56,33,85,97,35,27,90,82,31,60,22,12,97,18,56,20,3,0,3,99,99,11,97,97,11,26,,18,36,52,30,22,28,18,20,90,90,,,,,90,95,95,81,69,98,82,90,26,26,26,90,90,90,90,90,90,90,90,90,90,
91,2020-05-17 21:26:14.627463,N/A,SLA,,N/A,N/A,N/A,N/A,N/A,4790000000.0,4750000000.0,18.9,,,1.24,73.08,1.23,2.42,6.9,46.82,9.42,3.03,3850000000.0,1.62,107.7,3430000000.0,1960000000.0,11.1,11.1,,1630000000.0,0.71,1260000000.0,18.92,2.66,2.87,1550000000.0,1550000000.0,1.18,18.94,,338.25,170.3,215.5,279.1,10690000.0,7280000.0,2280000000.0,2240000000.0,,,,,,,,0.22,10.26,0.22,0.1,6.22,245.45,,6.9,6.9,6.9,,,,,,,,,,,N/A,,,,,,,,,,75,80,32,91,91,49,75,54,78,64,5,17,87,54,75,1,37,28,83,89,96,30,50,64,81,8,68,27,16,21,57,,57,57,76,69,23,24,24,26,91,91,,,,,91,44,5,61,10,6,3,91,45,45,45,91,91,91,91,91,91,91,91,91,91,
92,2020-05-17 21:26:15.134676,N/A,STJ,,N/A,N/A,N/A,N/A,N/A,4280000000.0000005,1970000000.0,29.01,,,0.26,447.70,0.12,2.74,0.88,4.28,0.42,14.91,16559999999.999998,31.17,,2420000000.0,717900000.0,146600000.0,27.5,3.5,7090000000.0,13.33,603800000.0,63.74,1.45,1.78,365400000.0,1380000000.0,1.37,28.7,,777.5,614.0,800.9,2.31,2830000.0,1680000.0,536620000.0,528940000.00000006,,,,,,,,,,0.38,0.05,3.57,175.35,,0.88,0.88,0.88,,,,,,,,,,,N/A,,,,,,,,,,80,95,12,92,92,81,56,87,77,90,79,87,46,25,7,97,41,45,56,72,68,11,6,74,48,36,77,58,19,12,43,,15,20,11,97,61,64,63,57,92,92,,,,,92,96,96,50,22,31,8,92,64,64,64,92,92,92,92,92,92,92,92,92,92,
93,2020-05-17 21:26:15.691380,N/A,TW,,N/A,N/A,N/A,N/A,N/A,4610000000.0,4450000000.0,6.82,,,1.06,138.87,1.03,5.29,15.52,19.33,10.06,20.62,4340000000.0,1.33,10.4,1040000000.0,842500000.0,673900000.0,20.6,4.8,630400000.0,0.19,112600000.0,3.4,4.44,1.01,422010000.0,422010000.0,1.43,900.0,,214.5,0.02,92.36,32.46,25130000.0,16140000.0,3280000000.0,3240000000.0,,,,,,,,,,0.04,0.03,2.27,37.09,,15.52,15.52,15.52,,,,,,,,,,,N/A,,,,,,,,,,77,84,73,93,93,51,10,59,66,29,42,14,29,51,78,27,72,43,30,79,65,44,72,81,88,2,88,51,45,10,0,,71,98,88,94,12,13,16,17,93,93,,,,,93,97,97,85,61,59,70,93,21,21,21,93,93,93,93,93,93,93,93,93,93,
94,2020-05-17 21:26:16.135673,N/A,TSCO,,N/A,N/A,N/A,N/A,N/A,23760000000.0,36980000000.0,24.24,,,0.37,175.70,0.57,9.32,1.5,4.23,3.38,6.66,64760000000.00001,6.66,,4810000000.0,3970000000.0,9.9,9.9,,3120000000.0,0.32,17059999999.999998,128.73,0.73,1.37,571500000.0,571500000.0,0.41,1.75,,332.67,203.7,233.71,239.82,34510000.0,21240000.0,9790000000.0,9530000000.0,,,,,,,,0.09,3.83,0.09,0.04,,70.75,,1.5,1.5,1.5,,,,,,,,,,,N/A,,,,,,,,,,16,18,17,94,94,71,20,71,41,88,80,60,73,4,45,98,29,15,84,90,97,22,66,14,24,72,84,44,39,81,93,,59,53,74,74,7,8,7,6,94,94,,,,,94,52,26,75,44,99,28,94,62,62,62,94,94,94,94,94,94,94,94,94,94,
95,2020-05-17 21:26:16.587615,N/A,ULVR,,N/A,N/A,N/A,N/A,N/A,108100000000.0,106690000000.0,16.35,,,,822.09,,,10.82,0.0,9.85,46.35,,,5.0,22880000000.0,,,252.7,58.7,,,,203.49,0.78,5.03,,,0.44,14.17,,333.0,583.5,117.04,350.69,3460000.0,2330000.0,1160000000.0,2610000000.0,,,,,,,,1.45,3.52,1.72,0.04,3.0,75.82,,10.82,10.82,10.82,,,,,,,,,,,N/A,,,,,,,,,,1,7,36,95,95,98,85,98,98,47,92,15,8,98,98,60,5,98,98,10,9,98,98,98,11,69,46,98,98,76,64,,58,21,84,60,54,56,39,19,95,95,,,,,95,5,30,8,45,42,22,95,34,34,34,95,95,95,95,95,95,95,95,95,95,
96,2020-05-17 21:26:17.185137,N/A,UU,,N/A,N/A,N/A,N/A,N/A,6040000000.0,14030000000.0,19.56,,,3.29,198.03,7.63,12.58,16.84,38.87,3.31,10.29,1840000000.0,2.69,2.1,1650000000.0,1110000000.0,309500000.0,45.3,25.4,621600000.0,0.91,8510000000.0,279.02,0.94,4.47,758200000.0,73710000.0,0.28,13.69,,104.0,625.0,890.16,920.21,3200000.0,1500000.0,681890000.0,675630000.0,,,,,,,,0.42,4.77,0.42,0.05,4.56,91.13,,,,,,,,,,,,,,,N/A,,,,,,,,,,58,33,29,96,96,23,22,10,26,24,12,63,58,73,69,75,58,37,39,59,35,46,45,23,5,61,51,40,77,88,66,,85,18,8,3,56,65,62,56,96,96,,,,,96,35,16,45,24,18,17,96,98,98,98,96,96,96,96,96,96,96,96,96,96,
97,2020-05-17 21:26:18.161672,N/A,VOD,,N/A,N/A,N/A,N/A,N/A,32390000000.0,33210000000.0,,,,,47.18,,,5.06,0.0,2.25,2.87,,,0.4,13510000000.0,,,28.2,,,,,124.73,0.99,2.56,,,0.68,5.44,,195.65,92.76,112.36,137.92,112930000.0,94930000.0,26770000000.0,29070000000.0,,,,,,,,0.08,6.47,0.18,0.15,6.18,,,5.06,5.06,5.06,,,,,,,,,,,N/A,,,,,,,,,,12,19,99,97,97,99,60,99,99,73,94,71,89,99,99,85,14,99,99,70,98,99,99,99,25,59,71,99,99,56,89,,74,66,85,84,1,2,1,1,97,97,,,,,97,53,13,67,4,7,99,97,51,51,51,97,97,97,97,97,97,97,97,97,97,
98,2020-05-17 21:26:18.988385,N/A,WTB,,N/A,N/A,N/A,N/A,N/A,3590000000.0,7300000000.0,1.27,,,1.75,115.88,3.55,15.1,178.65,19.47,3.9,5.73,2049999999.9999998,11.81,0.4,631400000.0,483300000.0,195400000.0,100.7,26.3,804900000.0,4.88,3390000000.0,89.1,1.63,23.02,88700000.0,157120000.0,0.91,43.47,,194.0,805.5,788.35,911.25,1170000.0,694.48,134560000.0,163170000.0,,,,,,,,,,1.0,0.04,2.29,89.4,,178.65,178.65,178.65,,,,,,,,,,,N/A,,,,,,,,,,89,55,85,98,98,41,6,29,21,1,40,52,76,71,28,86,80,56,52,37,34,41,13,43,37,26,6,76,63,40,25,,75,9,12,4,80,84,90,85,98,98,,,,,98,98,98,20,47,58,18,98,1,1,1,98,98,98,98,98,98,98,98,98,98,
99,2020-05-17 21:26:19.815471,N/A,WPP,,N/A,N/A,N/A,N/A,N/A,6830000000.0,11710000000.0,11.26,,,0.52,86.22,0.88,7.28,4.72,9.74,2.47,7.75,13230000000.0,10.59,,2410000000.0,1610000000.0,627900000.0,49.5,,2970000000.0,2.38,6760000000.0,80.04,0.99,6.47,1850000000.0,994700000.0,1.15,41.38,,85.5,450.0,562.4,836.29,6350000.0,3180000.0,1230000000.0,1250000000.0,,,,,,,,,,0.23,0.04,4.54,120.48,,,,,,,,,,,,,,,N/A,,,,,,,,,,47,36,56,99,99,69,87,65,53,75,63,70,68,32,33,99,42,31,31,55,99,23,22,26,42,60,36,23,25,25,27,,88,31,33,10,33,43,38,37,99,99,,,,,99,99,99,59,49,19,13,99,99,99,99,99,99,99,99,99,99,99,99,99,99,
